groupid,year,gengrp,agegrp,N,kcal,protein,carbs,sugars,fiber,fat,sat fat,mono unsat fat,poly unsat fat,cholesterol,vit E,retinol,vit A,alpha-carotene,beta-carotene,beta-cryptoxanthin,lycopene,lutein_zeaxanthin,thiamin,riboflavin,niacin,vit B6,folic acid,food folate,folate,vit B12,vit C,vit K,calcium,phosphorus,magnesium,iron,zinc,copper,sodium,potassium,selenium,SFA 4:0,SFA 6:0,SFA 8:0,SFA 10:0,SFA 12:0,SFA 14:0,SFA 16:0,SFA 18:0,MFA 16:1,MFA 18:1,MFA 20:1,MFA 22:1,PFA 18:2,PFA 18:3,PFA 18:4,PFA 20:4,PFA 20:5,PFA 22:5,PFA 22:6,caffeine,theobromine,alcohol,omega6,omega3,added vit E,added vit B12,choline,vit D
1,2001,Male,2-5,423,1733,59.6,241,135,10.8,61.5,23,23,10.5,191,4.4,456,544,202,872,156,4436,676,1.36,2.12,16.2,1.47,215,141,505,4.9,95.6,34.4,1019,1162,209,12.9,9.7,0.9,2511,2198,75,0.61,0.38,0.31,0.49,0.63,2.3,12.01,5.57,0.9,21.6,0.13,0.03,9.26,0.97,0,0.06,0.02,0.01,0.04,15.2,59.5,NA,9.32,1.04,NA,NA,NA,NA
2,2001,Male,6-11,568,2108,72,289,153,12.9,76.7,27.4,29.5,13.8,230,5.5,527,644,248,1209,102,6154,818,1.64,2.34,20.7,1.69,260,152,593,5.53,78.2,48.7,1053,1311,230,15.6,11.7,1.1,3272,2302,91.7,0.65,0.36,0.28,0.49,0.71,2.47,14.64,7.02,1.19,27.61,0.16,0.03,12.11,1.21,0,0.09,0.01,0.01,0.03,26.1,68,NA,12.2,1.26,NA,NA,NA,NA
3,2001,Male,12-19,1139,2684,93.2,361,195,15.5,96.2,33.6,37.1,17.8,316,7.4,544,656,215,1142,170,7774,950,1.97,2.63,26.5,2.18,279,194,668,6.68,100.7,58.6,1169,1590,289,19,15.1,1.4,3992,2818,118.2,0.77,0.41,0.31,0.57,0.82,2.93,18.05,8.71,1.57,34.6,0.23,0.04,15.65,1.55,0,0.14,0.02,0.01,0.04,74.3,71.3,4.4,15.790000000000001,1.62,NA,NA,NA,NA
4,2001,Male,20-29,383,2901,103.4,364,184,16.9,100.1,33.7,37.9,19.3,342,7.9,507,646,294,1418,161,9983,1014,2,2.59,29.8,2.39,256,245,680,7.13,119.2,61.4,1088,1659,329,19.3,15,1.7,4144,3077,131.9,0.72,0.38,0.3,0.53,0.82,2.93,18.34,8.71,1.73,35.29,0.25,0.05,16.94,1.73,0,0.16,0.04,0.02,0.07,151.9,44.5,23.3,17.1,1.86,NA,NA,NA,NA
5,2001,Male,30-39,354,2872,108.6,351,172,18.1,107.5,35.4,40.2,21,388,8.5,503,698,449,2000,213,9397,1363,2,2.68,30.1,2.37,253,258,688,7.08,111.7,80.8,1085,1717,339,19.5,15.7,1.7,4449,3277,139.7,0.74,0.38,0.29,0.54,0.88,2.97,19.32,9.24,1.82,37.46,0.25,0.04,18.43,1.89,0,0.18,0.05,0.02,0.09,215,51.1,15.2,18.61,2.05,NA,NA,NA,NA
6,2001,Male,40-49,429,2748,102.5,319,150,19,105.4,33.9,39.1,20.7,360,8.5,425,628,439,2145,126,7433,1489,1.97,2.65,28.2,2.33,222,262,640,6.37,93.9,96.8,983,1633,341,18.1,15.3,1.6,4225,3276,135.5,0.68,0.37,0.3,0.54,0.89,2.83,18.54,8.79,1.74,36.51,0.29,0.07,18.26,1.82,0.01,0.17,0.05,0.02,0.1,240.1,48.6,23.2,18.430000000000003,2,NA,NA,NA,NA
7,2001,Male,50-59,339,2426,89.1,292,146,17.3,93.6,29.6,34,18.9,340,7.6,474,683,459,2198,140,6822,1739,1.71,2.47,24.4,2.08,179,251,555,6.51,100.8,105.1,902,1453,311,16.4,12.9,1.4,3704,3163,112.8,0.61,0.33,0.26,0.48,0.81,2.49,16.17,7.59,1.53,31.65,0.28,0.08,16.6,1.73,0.01,0.16,0.06,0.03,0.12,243,49,15.8,16.76,1.9500000000000002,NA,NA,NA,NA
8,2001,Male,60-69,316,2211,87.8,261,117,17.7,87.2,26.7,31.8,18.5,312,8.3,485,663,350,1863,178,5863,1632,1.72,2.37,24.3,1.99,197,243,579,6.72,96.4,91.7,857,1384,305,17.3,13.2,1.5,3567,3016,119.2,0.5,0.28,0.23,0.41,0.72,2.11,14.65,7.01,1.32,29.71,0.23,0.05,16.29,1.66,0.01,0.14,0.06,0.02,0.11,203.8,40.9,11.3,16.43,1.86,NA,NA,NA,NA
9,2001,Male,70 and over,429,1889,74,233,105,16.7,72.7,23,26,14.9,270,6.8,456,654,312,2131,156,5091,1834,1.58,2.21,21.1,1.95,196,214,547,5.52,91.6,106.7,798,1234,276,15.3,12.3,1.2,3039,2798,101.1,0.49,0.29,0.25,0.42,0.64,1.92,12.48,5.9,1.08,24.32,0.18,0.04,13.16,1.34,0.01,0.12,0.04,0.02,0.06,160.1,31.5,7.9,13.28,1.4700000000000002,NA,NA,NA,NA
10,2001,Male,20 and over,2250,2621,97.7,316,154,17.8,98.1,31.8,36.4,19.5,346,8,473,661,397,1956,160,7872,1458,1.88,2.55,27.2,2.24,223,250,629,6.64,103.7,88.5,982,1565,324,18,14.4,1.6,3997,3151,127.1,0.65,0.35,0.28,0.51,0.82,2.67,17.34,8.23,1.62,33.9,0.26,0.06,17.11,1.74,0.01,0.16,0.05,0.02,0.09,207.7,46.1,17.8,17.27,1.9100000000000001,NA,NA,NA,NA
11,2001,Female,2-5,433,1560,53.3,216,117,10.3,56.2,20.7,21,9.9,180,4.3,435,546,321,1110,113,3741,631,1.23,1.91,14.8,1.34,194,126,455,4.41,80,33.6,892,1045,188,11.6,8.6,0.8,2293,1982,68.4,0.55,0.34,0.27,0.43,0.62,2.02,10.84,5.07,0.81,19.79,0.12,0.02,8.75,0.87,0,0.07,0.02,0.01,0.03,12.3,50.5,NA,8.82,0.93,NA,NA,NA,NA
12,2001,Female,6-11,568,1856,61.7,254,133,11.6,68.5,24,26.4,12.9,207,5.2,408,525,238,1209,126,5340,649,1.4,1.9,17.6,1.39,204,136,483,4.17,80.4,37.7,857,1106,204,12.9,9.3,1,2843,2032,81.6,0.57,0.31,0.24,0.43,0.64,2.11,12.84,6.15,1.02,24.86,0.16,0.02,11.42,1.05,0,0.08,0.02,0.01,0.03,23,66.9,NA,11.5,1.11,NA,NA,NA,NA
13,2001,Female,12-19,1158,1981,65.3,273,146,12.1,71.8,24.9,27.5,13.9,216,5.7,410,526,280,1188,116,5635,803,1.42,1.87,18.9,1.52,214,146,509,4.33,80.8,50.3,838,1131,212,13.8,9.9,1,2831,2076,85,0.6,0.32,0.24,0.44,0.69,2.23,13.25,6.35,1.09,25.73,0.15,0.02,12.19,1.21,0,0.09,0.02,0.01,0.03,49.1,50.6,1,12.28,1.27,NA,NA,NA,NA
14,2001,Female,20-29,533,2055,72,272,135,13.7,73.5,24.6,28,14.6,243,6.1,356,495,274,1464,105,5938,1238,1.49,1.84,20.7,1.58,211,174,532,4.22,83,69.9,800,1176,236,14.3,10.5,1.2,3129,2187,100.3,0.53,0.28,0.22,0.4,0.64,2.07,13.23,6.46,1.18,26.21,0.17,0.02,12.85,1.24,0,0.12,0.03,0.01,0.06,91.4,52.6,6.4,12.969999999999999,1.34,NA,NA,NA,NA
15,2001,Female,30-39,462,2014,72,259,133,13.8,75.3,24.5,27.7,15.4,254,6.6,402,585,437,1896,144,5129,1391,1.47,1.97,19.9,1.59,181,201,508,4.76,84.7,86.7,809,1223,248,13.5,10.3,1.1,3165,2422,95.5,0.54,0.28,0.23,0.42,0.75,2.11,13.2,6.26,1.16,25.89,0.19,0.04,13.5,1.38,0.01,0.11,0.04,0.02,0.08,168.9,45.8,6.6,13.61,1.53,NA,NA,NA,NA
16,2001,Female,40-49,417,1874,68.7,233,114,14.5,72.8,22.9,26.5,15.1,244,6.3,346,567,492,2317,150,4629,1620,1.34,1.87,18.3,1.53,150,197,452,4.53,83,93.1,728,1148,251,12.8,10,1.2,2889,2462,90.8,0.48,0.26,0.22,0.39,0.74,1.96,12.34,5.84,1.1,24.56,0.26,0.15,13.38,1.34,0,0.11,0.06,0.02,0.08,190,43.3,7.5,13.49,1.5000000000000002,NA,NA,NA,NA
17,2001,Female,50-59,303,1751,68,219,104,15,67.7,21.1,24,14.5,225,6.5,388,595,342,2239,127,5560,1611,1.33,1.92,18.6,1.58,158,204,472,4.3,89.7,106.2,751,1119,253,13.2,9.8,1.1,2727,2517,89.4,0.45,0.24,0.2,0.36,0.64,1.8,11.46,5.33,1.01,22.45,0.18,0.03,12.85,1.35,0,0.1,0.03,0.02,0.07,190.6,42.8,5.2,12.95,1.4700000000000002,NA,NA,NA,NA
18,2001,Female,60-69,345,1640,62.5,208,91,15.4,63.3,19.4,22.5,13.9,215,6.2,387,611,391,2393,153,5601,1796,1.33,1.82,18.2,1.54,167,209,493,4.41,95.5,103.2,655,1024,239,13.3,9.5,1.1,2656,2415,84.4,0.38,0.21,0.18,0.32,0.63,1.58,10.6,4.92,0.91,21.08,0.16,0.03,12.29,1.25,0.01,0.1,0.03,0.01,0.06,153,24.9,4.3,12.389999999999999,1.36,NA,NA,NA,NA
19,2001,Female,70 and over,434,1437,54.5,189,89,13.7,53.9,16.3,18.9,12.3,185,5.6,386,606,398,2348,155,4025,1925,1.27,1.72,16.1,1.46,159,181,452,4.12,82.9,106.2,654,933,213,12.4,8.2,0.9,2380,2217,74.3,0.35,0.2,0.16,0.29,0.49,1.34,8.85,4.14,0.75,17.71,0.15,0.04,10.88,1.17,0.01,0.08,0.05,0.01,0.07,118.5,29.2,2.5,10.96,1.31,NA,NA,NA,NA
20,2001,Female,20 and over,2494,1845,67.6,236,115,14.3,69.4,22.1,25.3,14.5,233,6.3,375,570,391,2056,137,5176,1548,1.39,1.87,18.9,1.55,173,194,487,4.42,85.7,91.7,746,1126,242,13.3,9.9,1.1,2886,2373,90.9,0.47,0.25,0.21,0.37,0.66,1.88,11.97,5.68,1.05,23.67,0.19,0.06,12.81,1.3,0,0.11,0.04,0.02,0.07,153.4,42,5.8,12.92,1.4300000000000002,NA,NA,NA,NA
21,2001,Both,2 and over,9033,2178,78.9,277,139,15.1,81,26.7,30.1,16.1,273,6.7,434,605,355,1779,144,6299,1313,1.6,2.19,22.1,1.82,206,203,554,5.39,92.2,78.5,891,1315,267,15.4,11.8,1.3,3329,2621,103.5,0.58,0.31,0.25,0.45,0.73,2.29,14.43,6.86,1.28,28.12,0.21,0.05,14.15,1.43,0,0.12,0.04,0.02,0.07,142.1,48.8,8.8,14.27,1.56,NA,NA,NA,NA
1,2003,Male,2-5,375,1679,57.7,231,128,10.6,60.4,22.3,22.1,10.9,187,4.1,456,535,186,801,136,3814,592,1.33,2.05,16.1,1.48,180,137,443,4.89,104.4,36.5,970,1108,198,12.2,9.4,0.9,2409,2184,73.1,0.59,0.36,0.3,0.46,0.59,2.16,11.8,5.42,0.92,20.61,0.16,0.03,9.67,0.97,0.01,0.07,0.01,0.01,0.03,14.9,47.1,NA,9.74,1.03,0.1,1.09,NA,NA
2,2003,Male,6-11,422,2256,76.5,310,161,13.8,81.7,29.3,29.9,15.5,240,5.8,519,609,225,925,114,5585,646,1.79,2.54,23.3,1.92,308,159,683,6.13,77.1,42.3,1110,1399,248,17.2,13.5,1.2,3313,2388,100,0.75,0.43,0.35,0.58,0.81,2.77,15.52,7.3,1.21,27.97,0.21,0.03,13.71,1.26,0.02,0.1,0.01,0.01,0.03,35.4,73.2,NA,13.81,1.33,0.1,1.5,NA,NA
3,2003,Male,12-19,1105,2652,94,350,176,15,97.5,33.7,36.5,19.4,284,7.5,502,601,172,1015,173,8245,881,2.05,2.6,27,2.08,273,196,660,6.22,101.8,65.2,1175,1553,279,18.9,14.5,1.3,4059,2745,121,0.79,0.41,0.31,0.57,0.82,2.99,18.12,8.7,1.58,34.01,0.25,0.04,17.27,1.63,0.01,0.13,0.02,0.01,0.05,63.1,54.3,3.6,17.4,1.72,0.1,1.12,NA,NA
4,2003,Male,20-29,383,2969,111.2,367,179,17.7,107.5,36.9,41.1,20.8,357,8.3,507,666,277,1705,155,9261,1439,2.14,2.72,32.4,2.37,250,245,670,6.54,94.9,96.3,1202,1755,338,20,15.8,1.5,4560,3102,143.4,0.82,0.42,0.32,0.57,0.83,3.15,19.93,9.63,1.8,38.13,0.31,0.05,18.14,1.74,0.01,0.18,0.04,0.02,0.09,135.6,43.5,17,18.32,1.9000000000000001,0.4,0.94,NA,NA
5,2003,Male,30-39,326,2888,109,353,162,18.3,104,34,39.2,21.9,368,8.2,459,636,417,1854,141,8098,1265,2.11,2.78,32.9,2.41,243,266,680,6.55,102.8,96.6,1070,1693,349,19.9,15.5,1.5,4552,3295,142.3,0.68,0.35,0.28,0.51,0.83,2.76,18.74,8.86,1.74,36.48,0.31,0.06,19.02,1.88,0.01,0.19,0.06,0.03,0.09,236.9,59.9,18.8,19.21,2.07,0.2,0.91,NA,NA
6,2003,Male,40-49,354,2873,103,336,161,18,106.6,35.6,40.1,22,375,8,480,672,408,2026,158,8192,1583,1.94,2.75,29.2,2.14,209,259,614,6.2,95.9,100.3,1030,1630,340,18.5,14.9,1.5,4313,3290,132.9,0.73,0.37,0.29,0.54,0.86,2.91,19.41,9.4,1.81,37.2,0.29,0.04,19.24,1.87,0.01,0.18,0.05,0.02,0.09,294.1,56.4,27.1,19.419999999999998,2.04,0.2,0.49,NA,NA
7,2003,Male,50-59,261,2388,94.6,274,121,17.5,95.4,30.6,36.1,20.4,352,8.4,417,594,354,1880,138,7542,1456,1.85,2.58,27.9,2.1,194,241,571,6.14,82.3,99.5,866,1482,322,18,13.9,1.4,3895,3165,124.2,0.55,0.3,0.24,0.45,0.8,2.39,16.95,7.99,1.65,33.55,0.29,0.05,17.89,1.71,0.01,0.17,0.05,0.02,0.1,273,40.4,12.6,18.060000000000002,1.8900000000000001,0.2,0.75,NA,NA
8,2003,Male,60-69,329,2109,81,244,107,16.2,83.6,26.9,31.5,18,304,7.3,473,690,256,2407,145,6707,1743,1.74,2.37,24.4,1.91,188,225,545,5.4,95.2,114.9,821,1296,285,16,11.8,1.3,3477,2911,108.7,0.53,0.29,0.23,0.42,0.79,2.17,14.66,6.99,1.35,29.33,0.25,0.05,15.57,1.71,0.01,0.14,0.06,0.02,0.11,238.5,32,12.5,15.71,1.9100000000000001,0.4,0.87,NA,NA
9,2003,Male,70 and over,482,1868,73,229,105,16,70.5,23.5,26.4,14.7,272,6.5,560,747,377,1990,134,5027,1225,1.63,2.34,22.6,1.92,197,197,533,6.11,84.7,75.8,831,1225,273,15.8,11.3,1.3,2929,2691,98.1,0.51,0.29,0.23,0.41,0.67,1.98,12.67,6.03,1.08,24.64,0.19,0.04,12.93,1.33,0.01,0.11,0.04,0.01,0.07,171.5,36.4,8,13.04,1.4600000000000002,0.7,1.15,NA,NA
10,2003,Male,20 and over,2135,2612,98.6,312,145,17.5,97.7,32.3,36.9,20.2,347,7.9,478,660,352,1941,146,7769,1450,1.94,2.63,29.1,2.18,218,244,614,6.22,93.3,97.7,998,1559,324,18.4,14.3,1.5,4090,3121,128.8,0.66,0.35,0.27,0.5,0.81,2.65,17.68,8.45,1.63,34.34,0.28,0.05,17.63,1.74,0.01,0.17,0.05,0.02,0.09,227,46.5,17,17.8,1.9100000000000001,0.3,0.82,NA,NA
11,2003,Female,2-5,388,1759,60.8,241,129,11,63.7,23.9,23.4,11.2,194,4.4,471,557,204,871,141,4157,585,1.44,2.18,17.3,1.62,201,135,478,5.11,103.4,40.1,1038,1174,208,13,9.4,0.9,2631,2240,78.8,0.67,0.4,0.34,0.53,0.67,2.37,12.45,5.85,0.95,21.91,0.15,0.02,9.93,1.05,0.01,0.07,0.01,0.01,0.02,13.2,56.6,NA,10,1.1,0.3,1.32,NA,NA
12,2003,Female,6-11,478,1964,65.3,266,132,12.5,73.8,25.7,27.9,14.4,211,5.4,447,538,173,923,173,5531,730,1.52,2.06,19.6,1.55,217,143,513,4.59,87.4,50.4,946,1185,213,13.9,9.9,1,3017,2148,87.1,0.62,0.33,0.26,0.46,0.61,2.27,13.75,6.66,1.08,26.16,0.18,0.02,12.8,1.23,0.01,0.09,0.01,0.01,0.03,26.9,69.2,NA,12.89,1.29,0.2,0.96,NA,NA
13,2003,Female,12-19,1057,2007,67.8,267,136,12.3,76.1,25.6,28.2,16.3,205,6.2,382,488,197,1112,127,4881,871,1.49,1.91,20,1.52,212,152,513,4.31,77.5,61.3,874,1155,215,14,10.3,1,3020,2088,88.9,0.61,0.32,0.24,0.45,0.64,2.24,13.9,6.47,1.14,26.28,0.2,0.03,14.45,1.37,0.01,0.1,0.02,0.01,0.04,55.1,42,0.8,14.549999999999999,1.4500000000000002,0.3,0.86,NA,NA
14,2003,Female,20-29,429,2103,74.9,271,136,13.8,77.8,25.5,29.3,16.7,247,6.5,344,472,253,1351,126,6682,1194,1.47,1.88,21.7,1.62,174,178,474,4.04,82.2,81.4,806,1222,242,13.8,10.8,1.1,3184,2330,99.6,0.54,0.29,0.24,0.41,0.69,2.14,13.85,6.56,1.22,27.27,0.22,0.03,14.63,1.46,0.01,0.13,0.03,0.01,0.05,103.3,39.3,6.4,14.760000000000002,1.56,0.3,0.64,NA,NA
15,2003,Female,30-39,398,1956,71.9,241,114,13.8,77.1,25.7,28.6,16.5,240,6.6,413,614,453,2127,110,6202,1338,1.51,2.07,21.4,1.68,185,182,496,4.29,83,89.6,851,1189,245,14,10.8,1.1,3143,2414,90.7,0.58,0.3,0.24,0.43,0.7,2.23,13.87,6.57,1.2,26.58,0.2,0.03,14.35,1.47,0.01,0.11,0.03,0.01,0.06,162.1,62.1,5,14.459999999999999,1.58,0.5,0.69,NA,NA
16,2003,Female,40-49,361,1934,67.8,238,117,13.2,73.5,24.5,27.5,15.7,239,6.3,352,507,248,1669,136,5254,1188,1.37,1.9,19.6,1.56,167,183,467,4.04,84.4,79.6,757,1123,243,13.1,9.9,1.1,2929,2385,93.8,0.51,0.26,0.23,0.41,0.85,2.07,12.97,6.4,1.11,25.72,0.18,0.03,13.93,1.35,0.01,0.11,0.03,0.01,0.05,190.4,58.1,10.8,14.04,1.4500000000000002,0.4,0.68,NA,NA
17,2003,Female,50-59,275,1728,67,207,95,13.6,69.3,22.6,26,15.1,237,6.3,344,527,341,1957,145,5129,1410,1.34,1.9,19.7,1.49,167,179,464,3.84,75.1,91.5,733,1100,235,12.6,9.5,1,2793,2295,88.1,0.51,0.27,0.21,0.4,0.64,1.93,12.26,5.66,1.09,24.22,0.21,0.03,13.1,1.31,0.01,0.12,0.05,0.02,0.08,174.2,28.9,4.7,13.219999999999999,1.4700000000000002,0.6,0.67,NA,NA
18,2003,Female,60-69,364,1668,65.9,205,95,14,65.4,20.6,24.3,14.7,243,5.8,362,563,338,2175,146,4996,1439,1.35,1.88,19.2,1.52,154,187,451,4.11,83.5,88.3,724,1066,236,13.1,9.8,1.1,2753,2372,93.4,0.41,0.21,0.17,0.32,0.55,1.66,11.31,5.4,1.04,22.7,0.17,0.04,12.85,1.37,0.01,0.11,0.04,0.02,0.08,163.3,40.1,3.3,12.959999999999999,1.5200000000000002,0.3,0.69,NA,NA
19,2003,Female,70 and over,486,1548,59.8,198,93,14.1,58.7,18.7,22,13.1,199,6,383,618,493,2494,154,3888,1730,1.34,1.84,18.5,1.56,159,181,452,4.05,83.2,99.3,715,995,235,13,9,1,2468,2336,79.7,0.4,0.22,0.17,0.32,0.55,1.52,10.16,4.85,0.85,20.69,0.16,0.02,11.58,1.15,0.01,0.09,0.03,0.01,0.06,133.3,31.2,2.3,11.67,1.26,0.8,1.05,NA,NA
20,2003,Female,20 and over,2313,1850,68.5,230,110,13.7,71.3,23.3,26.7,15.5,235,6.3,367,547,349,1923,134,5466,1360,1.4,1.92,20.2,1.58,169,181,470,4.07,81.8,87.7,771,1126,240,13.3,10,1.1,2911,2357,91.3,0.5,0.26,0.21,0.39,0.68,1.96,12.61,6.01,1.1,24.87,0.19,0.03,13.55,1.36,0.01,0.11,0.03,0.01,0.06,155.1,44.6,5.7,13.66,1.4700000000000002,0.5,0.72,NA,NA
21,2003,Both,2 and over,8273,2195,80.4,274,133,14.8,82.7,27.7,31,17.2,273,6.8,431,589,309,1680,141,6348,1234,1.66,2.26,23.7,1.83,205,198,546,5.14,88.1,82,918,1323,268,15.7,11.9,1.2,3408,2622,105.7,0.6,0.32,0.26,0.46,0.73,2.35,14.97,7.13,1.32,28.87,0.23,0.04,15.05,1.48,0.01,0.13,0.03,0.02,0.07,150.8,48.4,8.5,15.180000000000001,1.61,0.3,0.86,NA,NA
1,2005,Male,2-5,442,1641,56.3,228,122,11,58.4,21.4,21.4,10.8,174,4.4,454,545,222,935,90,3576,558,1.38,2.04,17,1.51,202,128,472,4.73,83.4,39.9,955,1107,202,13,9,0.9,2395,2083,72.3,0.56,0.33,0.29,0.45,0.61,2.05,11.12,5.36,0.8,20.05,0.15,0.02,9.68,0.91,0.01,0.07,0.01,0.01,0.02,8.4,42.7,NA,9.75,0.9600000000000001,0.2,1.23,212,NA
2,2005,Male,6-11,489,2092,70.9,280,142,14.1,79.4,28.3,29.1,15.4,223,5.8,559,703,399,1491,90,4285,779,1.64,2.3,21.9,1.74,238,155,559,5.12,80.2,1079,1305,241,NA,15.4,10.8,1.1,3202,2258,93.6,0.72,0.39,0.31,0.55,0.88,2.59,14.72,7.32,1.11,27.31,0.21,0.02,13.85,1.21,0.02,0.09,0.01,0.01,0.03,19.7,80.2,NA,13.94,1.28,61.2,1.19,251,NA
3,2005,Male,12-19,1052,2707,99.1,352,177,15.2,100.9,35.6,37.5,19.1,320,7.3,520,651,295,1342,139,6661,826,2.05,2.65,31.1,2.34,269,199,658,7.31,96.9,67.8,1186,1586,287,19.6,14.7,1.3,4266,2730,130,0.81,0.42,0.33,0.6,0.99,3.12,18.9,9.31,1.65,35.03,0.27,0.03,17.07,1.54,0.02,0.15,0.02,0.01,0.05,69.5,50.7,NA,17.22,1.6400000000000001,0.3,1.97,340,NA
4,2005,Male,20-29,388,2821,106.2,344,160,16.6,100.6,33.7,37.9,20.2,340,8.5,417,560,276,1506,149,7998,1336,2.05,2.56,34.3,2.67,236,240,641,6.25,104.3,95.6,1103,1624,327,19.3,15.4,1.5,4476,2951,139.3,0.7,0.35,0.27,0.5,0.81,2.78,18.34,8.93,1.72,35.28,0.29,0.03,18.01,1.68,0.02,0.17,0.05,0.02,0.09,133.4,34.8,NA,18.180000000000003,1.86,1,1.13,401,NA
5,2005,Male,30-39,371,2978,118,342,153,18.9,114.1,38.7,42.5,22.9,406,9.5,564,751,273,2041,131,8090,1099,2.26,2.96,36.2,2.69,245,255,672,7.7,96.7,93.1,1227,1811,381,20.4,16.9,1.7,4715,3377,155.2,0.83,0.44,0.33,0.61,0.97,3.26,20.91,10.17,1.93,39.55,0.34,0.05,20.33,1.88,0.02,0.22,0.06,0.03,0.1,201.1,42.5,NA,20.549999999999997,2.09,0.9,1.5,452,NA
6,2005,Male,40-49,382,2753,106.6,313,141,18.2,104.9,35.2,39.2,21.4,388,8.8,568,728,348,1681,135,6864,1230,2.04,2.84,32.3,2.43,205,267,615,7.91,91.3,106.8,1099,1677,373,19,17.5,2,4350,3311,138.1,0.75,0.4,0.3,0.55,0.8,2.88,19.07,9.3,1.66,36.51,0.31,0.03,18.96,1.8,0.02,0.19,0.06,0.02,0.1,263.6,47.1,NA,19.150000000000002,2,0.5,0.93,448,NA
7,2005,Male,50-59,303,2597,97.4,307,143,18.3,102.3,33.3,38.1,22.2,350,8.9,495,654,281,1685,159,5273,1494,1.96,2.67,29.8,2.39,204,267,614,6.3,98.5,112.5,1020,1552,354,18.2,14,1.6,3956,3283,128.1,0.69,0.37,0.29,0.54,0.98,2.67,17.9,8.69,1.49,35.7,0.33,0.06,19.8,1.87,0.01,0.17,0.04,0.02,0.08,295.6,41,NA,19.970000000000002,2.02,0.2,0.94,400,NA
8,2005,Male,60-69,320,2202,88.3,258,114,17.5,84.2,27.9,30.7,18.2,314,7.7,463,687,544,2336,170,5559,1390,1.85,2.5,27.2,2.18,208,236,590,6.62,99.3,97,963,1434,324,17.9,15,1.5,3738,3077,114.1,0.58,0.32,0.27,0.47,0.87,2.33,15.02,7.13,1.33,28.58,0.29,0.06,16.04,1.58,0.02,0.16,0.07,0.03,0.12,228,30,NA,16.2,1.8200000000000003,0.5,1.22,361,NA
9,2005,Male,70 and over,399,1984,76.9,239,109,16.8,77.3,25.8,28.5,16.3,306,7.1,583,814,515,2418,182,4021,1606,1.69,2.39,24,2.08,206,214,564,6.09,97.4,100.3,881,1274,289,16.9,12,1.4,3142,2863,102.9,0.56,0.32,0.25,0.46,0.76,2.14,13.87,6.69,1.18,26.69,0.24,0.03,14.49,1.44,0.01,0.13,0.04,0.02,0.08,156.9,37.4,NA,14.620000000000001,1.59,0.3,1.28,340,NA
10,2005,Male,20 and over,2163,2638,101.9,310,141,17.8,100.1,33.4,37.3,20.7,358,8.6,513,690,347,1875,150,6592,1330,2.01,2.69,31.6,2.46,220,250,623,6.91,97.9,101,1073,1600,348,18.9,15.5,1.6,4178,3174,133.5,0.7,0.37,0.29,0.53,0.87,2.76,18.06,8.76,1.6,34.77,0.31,0.04,18.39,1.74,0.02,0.18,0.05,0.02,0.1,216.1,39.6,17.2,18.57,1.9300000000000002,0.6,1.16,409,NA
11,2005,Female,2-5,460,1486,51.9,207,112,10.4,52.2,19.1,18.7,10,164,4.2,407,493,199,879,113,2755,640,1.25,1.84,15.5,1.44,186,128,444,4.27,87.9,45.2,853,997,187,11.6,8.3,0.8,2146,1977,68.3,0.53,0.32,0.27,0.42,0.61,1.85,9.89,4.7,0.67,17.52,0.13,0.01,8.91,0.87,0.01,0.06,0.02,0.01,0.03,6.9,40.5,NA,8.97,0.9400000000000001,0.2,1.07,202,NA
12,2005,Female,6-11,523,1879,63.4,251,124,12,71.6,25.4,26.4,14,237,5.5,492,579,154,918,93,3997,658,1.48,2.05,18.9,1.53,210,139,497,4.75,69.8,54.5,946,1173,210,13.8,9.8,1,2966,2016,89.8,0.63,0.34,0.27,0.48,0.75,2.26,13.3,6.59,1,24.77,0.18,0.02,12.57,1.12,0.02,0.1,0.02,0.01,0.04,17,76.6,NA,12.67,1.2100000000000002,0.2,1.05,245,NA
13,2005,Female,12-19,1063,1906,64.2,253,124,12.3,72.3,24.6,26.2,15.5,189,6.1,367,474,210,1130,107,4652,805,1.38,1.75,19.3,1.47,197,148,482,3.96,75.2,65.9,849,1077,216,13.3,9.6,1,2950,1976,86.2,0.57,0.29,0.24,0.42,0.74,2.13,13.08,6.39,1.03,24.56,0.18,0.02,13.93,1.26,0.01,0.09,0.01,0.01,0.03,46.6,39,NA,14.02,1.32,0.2,0.79,217,NA
14,2005,Female,20-29,582,1959,72.2,246,118,12.9,73.9,25.6,26.8,15.2,238,6.1,399,520,255,1248,139,4724,860,1.45,1.9,21.3,1.71,200,167,508,4.57,80.8,71.9,933,1194,251,14.4,10.6,1.2,3107,2205,96.9,0.62,0.34,0.27,0.47,0.78,2.33,13.58,6.43,1.11,25.12,0.19,0.02,13.51,1.34,0.01,0.11,0.03,0.01,0.05,82.2,40.5,NA,13.62,1.4400000000000002,0.4,1,257,NA
15,2005,Female,30-39,406,1923,75.4,231,104,14.6,74.5,24.4,27.6,16.2,238,7,387,573,339,2014,109,3962,1542,1.55,2.06,22.8,1.81,172,209,501,4.52,82.9,115.2,896,1207,283,14.9,11,1.3,3187,2453,97.7,0.52,0.28,0.23,0.4,0.63,2.04,13.3,6.31,1.14,25.76,0.21,0.03,14.25,1.47,0.02,0.12,0.05,0.02,0.08,165.2,34.4,NA,14.37,1.6400000000000001,0.7,0.83,291,NA
16,2005,Female,40-49,390,1873,75.9,221,103,14.4,71.6,24.3,25.6,15.5,255,7,409,623,499,2277,84,4440,1374,1.4,2.07,22.4,1.67,151,194,450,4.65,69.9,105.6,923,1223,285,13.9,11.1,1.3,3059,2443,97.1,0.59,0.3,0.24,0.43,0.76,2.11,12.91,6.23,1.07,23.88,0.2,0.03,13.72,1.35,0.01,0.12,0.05,0.02,0.09,219.8,56.7,NA,13.84,1.5200000000000002,0.7,0.71,290,NA
17,2005,Female,50-59,301,1718,70.3,205,90,14.9,67.6,22.7,24.5,14.6,245,6.4,345,558,439,2288,113,5282,1463,1.4,1.94,20.3,1.6,145,202,448,4.03,75.3,103.7,799,1134,267,13.2,10.4,1.2,3001,2458,93.3,0.51,0.26,0.22,0.4,0.75,1.96,12.07,5.84,1.05,22.79,0.18,0.03,12.86,1.36,0.01,0.11,0.04,0.02,0.07,225.3,38.8,NA,12.969999999999999,1.5000000000000002,0.4,0.66,278,NA
18,2005,Female,60-69,315,1598,63.5,194,85,14.3,63.1,21,22.9,13.8,224,6.5,395,597,412,2163,113,5566,1419,1.3,1.83,18.7,1.56,154,186,449,4.69,79.7,95.5,783,1061,258,12.8,10,1.2,2606,2376,86.2,0.5,0.28,0.22,0.4,0.68,1.82,11.17,5.32,0.9,21.46,0.2,0.04,12.14,1.28,0.01,0.1,0.05,0.02,0.09,163.7,30.6,NA,12.24,1.4500000000000002,0.6,0.84,260,NA
19,2005,Female,70 and over,363,1495,57.2,192,90,13.6,56.1,19.2,19.9,12.4,205,5.7,424,624,384,2130,146,3408,1420,1.29,1.8,18,1.59,160,171,443,4.38,81.8,84.6,752,993,235,12.8,8.8,1,2395,2223,78.3,0.5,0.28,0.2,0.39,0.58,1.75,10.09,4.85,0.8,18.49,0.15,0.03,10.79,1.24,0.01,0.08,0.05,0.01,0.08,120.8,30.5,NA,10.87,1.3900000000000001,0.6,1.14,241,NA
20,2005,Female,20 and over,2357,1785,70.1,217,100,14.1,68.7,23.2,24.9,14.8,237,6.5,392,581,389,2009,115,4554,1338,1.41,1.95,20.9,1.66,164,189,468,4.47,78,96.8,858,1148,265,13.8,10.4,1.2,2933,2366,92.6,0.55,0.29,0.23,0.42,0.7,2.03,12.36,5.91,1.03,23.22,0.19,0.03,13.03,1.35,0.01,0.11,0.04,0.02,0.08,165.3,39.8,6.1,13.139999999999999,1.5000000000000002,0.6,0.85,272,NA
21,2005,Both,2 and over,8549,2157,81.8,265,124,15.1,81.9,27.8,30.1,17,278,7.1,455,620,339,1742,126,5305,1181,1.67,2.26,24.9,1.97,199,202,540,5.53,86.3,88.5,970,1334,286,15.9,12.3,1.3,3436,2617,107.8,0.63,0.34,0.27,0.48,0.79,2.39,14.87,7.2,1.26,28.14,0.23,0.03,15.05,1.45,0.01,0.13,0.04,0.02,0.07,149.8,43.7,NA,15.180000000000001,1.59,0.5,1.06,316,NA
1,2007,Male,2-5,455,1570,55,215,116,11.3,56.7,20.8,20.5,10.5,189,4.6,487,619,336,1376,74,3556,893,1.27,1.93,15.8,1.46,174,131,427,4.5,104.5,54.1,1009,1086,201,11.6,8.7,0.9,2265,2059,69.3,0.56,0.33,0.31,0.47,0.65,2,10.75,5.15,0.81,19.23,0.15,0.02,9.32,0.89,0.01,0.07,0.01,0.01,0.02,7.8,45.5,NA,9.39,0.9400000000000001,0.4,0.97,222,6.5
2,2007,Male,6-11,550,2042,70.8,276,141,13.7,75.2,26.9,27.6,14.1,234,6,499,614,289,1201,73,5197,666,1.58,2.15,21.7,1.74,222,153,530,5.21,87,52.2,1034,1257,227,14.3,11.2,1.1,3169,2170,93.4,0.68,0.35,0.29,0.52,0.77,2.5,14.15,6.82,1.2,25.72,0.21,0.03,12.63,1.12,0.02,0.1,0.01,0.01,0.03,29.9,62.1,NA,12.73,1.1900000000000002,0.3,1.27,254,5.5
3,2007,Male,12-19,607,2424,90.7,313,152,14.9,90.6,31.6,33.2,17.9,312,7.7,551,680,252,1368,68,6708,1082,1.88,2.58,28.9,2.29,242,198,610,6.68,86.6,76.5,1173,1516,282,16.6,13.2,1.3,3990,2587,125.2,0.74,0.37,0.33,0.58,0.96,2.83,16.83,8.08,1.41,30.98,0.26,0.04,15.9,1.42,0.04,0.15,0.02,0.01,0.05,73.6,42.7,NA,16.05,1.54,0.5,1.46,326,5.9
4,2007,Male,20-29,409,2756,105.3,342,158,16.9,96.4,32.6,34.9,20.1,355,7.9,463,597,238,1452,69,7886,1022,2.18,2.6,34.2,2.57,264,243,692,6.95,93.1,83.5,1150,1647,336,18.1,15.2,1.6,4363,2939,143.1,0.71,0.35,0.29,0.53,0.82,2.8,17.72,8.32,1.63,32.47,0.29,0.05,17.75,1.76,0.03,0.17,0.04,0.02,0.08,139.6,39,NA,17.92,1.9300000000000002,0.4,1.28,398,4.9
5,2007,Male,30-39,451,2654,101.6,309,139,18.7,102.8,33.6,39.2,21,377,9.1,444,637,408,2075,83,7714,1455,1.85,2.53,30.5,2.39,217,257,625,6.39,102.4,108.4,1077,1615,353,17.6,15.2,1.6,4231,3080,136.8,0.68,0.34,0.27,0.52,0.86,2.73,18.37,8.76,1.77,36.58,0.32,0.05,18.53,1.75,0.03,0.19,0.06,0.03,0.11,187.8,35.9,NA,18.720000000000002,1.9800000000000002,0.4,0.75,411,4.9
6,2007,Male,40-49,412,2692,104.7,317,147,17.6,102.7,35.2,37.9,20.6,406,8.4,498,669,340,1848,65,7036,1536,1.97,2.76,31.7,2.43,227,247,633,6.46,87,105,1093,1670,346,18,14.7,1.5,4391,3162,139.9,0.79,0.42,0.34,0.61,0.98,2.99,18.84,9.18,1.69,35.26,0.32,0.05,18.18,1.78,0.02,0.2,0.04,0.02,0.09,259.6,57.2,NA,18.38,1.9500000000000002,0.4,1.03,428,5.2
7,2007,Male,50-59,431,2493,100.1,281,123,18.4,100,32.4,37.7,21.5,375,8.8,465,660,303,2142,83,6064,1822,1.86,2.55,29.9,2.25,195,254,586,6.13,91.1,127.2,1005,1548,345,17.6,15,1.6,4030,3169,133.9,0.65,0.35,0.27,0.5,0.8,2.57,17.65,8.55,1.66,35.14,0.35,0.06,18.9,1.83,0.03,0.19,0.08,0.03,0.14,273.4,46.6,NA,19.09,2.1100000000000003,0.3,0.76,408,5.3
8,2007,Male,60-69,459,2140,84.5,246,105,17.4,83.7,27.1,31.8,17.7,319,7.6,452,650,424,2099,133,5313,1276,1.69,2.33,25.7,2.06,186,229,546,6.01,83.2,97.7,916,1349,310,16.8,13,1.4,3517,2891,113.4,0.51,0.28,0.24,0.43,0.79,2.14,14.68,7.15,1.32,29.79,0.27,0.04,15.67,1.56,0.02,0.15,0.04,0.02,0.07,228.3,36.1,NA,15.82,1.7100000000000002,0.5,0.94,356,4.4
9,2007,Male,70 and over,500,1837,72.7,225,100,17,70.1,22.8,26.1,15,285,7.1,475,706,521,2463,92,5488,1427,1.59,2.2,21.9,1.97,188,202,521,5.4,86.1,96.6,837,1239,280,15.6,11.5,1.3,3012,2728,98.7,0.49,0.27,0.21,0.39,0.6,1.84,12.39,5.98,1.05,24.52,0.24,0.07,13.2,1.34,0.01,0.12,0.04,0.01,0.08,162.7,30.9,NA,13.319999999999999,1.4800000000000002,0.6,1.14,323,4.9
10,2007,Male,20 and over,2662,2507,97.7,296,133,17.7,95.3,31.6,35.6,19.8,362,8.3,467,649,354,1958,83,6787,1428,1.9,2.54,29.9,2.32,218,243,613,6.32,91.3,103.7,1038,1550,334,17.5,14.4,1.5,4043,3026,131.4,0.66,0.34,0.28,0.51,0.83,2.6,17.15,8.24,1.58,33.17,0.3,0.05,17.48,1.71,0.02,0.18,0.05,0.02,0.1,211,42.4,14.6,17.66,1.9000000000000001,0.4,0.98,396,5
11,2007,Female,2-5,377,1475,52,199,105,10.5,54.6,20,19.6,10.2,178,4.4,446,556,263,1146,85,3936,575,1.19,1.81,14.2,1.31,165,120,401,4.12,86.7,44,957,1027,185,10.2,7.9,0.8,2189,1896,70.4,0.55,0.32,0.27,0.44,0.65,1.97,10.38,4.88,0.8,18.41,0.14,0.02,9.08,0.84,0.01,0.06,0.01,0.01,0.02,8.9,40.8,NA,9.14,0.89,0.2,0.74,204,6.1
12,2007,Female,6-11,571,1824,61.9,245,123,12,68.6,24,24.8,14,195,6,431,523,206,973,67,4874,605,1.39,1.81,18.9,1.57,200,130,470,4.52,75.4,48.3,885,1116,204,12.7,9.4,1,2717,1946,81.8,0.58,0.31,0.27,0.47,0.8,2.17,12.58,6.07,0.99,23.28,0.19,0.02,12.57,1.08,0.02,0.08,0.02,0.01,0.03,19,50.6,NA,12.65,1.1600000000000001,0.5,0.88,221,4.6
13,2007,Female,12-19,549,1861,65.6,248,116,13.3,69.2,23.6,25.7,14.2,212,6,422,528,242,1114,56,4265,740,1.45,1.78,20.8,1.63,209,154,509,4.14,73.8,59,878,1127,223,13.8,9.6,1,3013,1957,88.3,0.57,0.29,0.23,0.42,0.68,2.05,12.52,6.11,1.02,24.07,0.19,0.02,12.66,1.16,0.02,0.1,0.02,0.01,0.03,60.4,47.4,NA,12.76,1.24,0.5,1.08,224,3.8
14,2007,Female,20-29,409,1828,68.3,231,109,13.3,67.5,22.5,24.3,14.6,216,6.5,383,532,274,1606,76,5219,1362,1.38,1.81,21,1.66,168,174,460,4.17,80.8,92.7,869,1128,246,12.6,9.7,1.1,3009,2094,90,0.53,0.27,0.22,0.4,0.67,1.96,12.04,5.74,1.03,22.66,0.18,0.02,12.97,1.31,0.01,0.11,0.02,0.01,0.05,105.8,38.4,NA,13.08,1.4000000000000001,0.4,0.95,246,3.6
15,2007,Female,30-39,482,1858,69.2,232,110,13.8,70.4,23.6,25.4,15.3,248,7.3,375,553,357,1919,67,5577,1217,1.37,1.87,21.2,1.69,168,184,471,4.38,77.6,86.5,850,1158,260,13.1,10.2,1.2,3058,2230,93.8,0.54,0.28,0.24,0.42,0.77,2.08,12.56,5.96,1.07,23.79,0.2,0.02,13.55,1.32,0.01,0.11,0.03,0.02,0.06,153.5,38.7,NA,13.66,1.4400000000000002,0.7,0.77,267,3.6
16,2007,Female,40-49,466,1879,70.9,231,108,14.1,71.7,24.1,26.2,15.3,256,6.6,393,555,333,1753,66,4332,1406,1.4,1.94,21,1.63,164,192,470,4.39,68.6,92,838,1166,264,13.4,10.3,1.2,3027,2299,96.1,0.56,0.28,0.25,0.45,0.76,2.11,12.79,6.09,1.12,24.45,0.22,0.03,13.5,1.36,0.01,0.12,0.03,0.01,0.06,194.4,41.7,NA,13.62,1.4700000000000002,0.4,0.76,275,3.6
17,2007,Female,50-59,413,1793,68.2,218,102,15.6,70.4,22.9,25.3,16.2,227,7.8,394,614,412,2379,105,4113,1514,1.43,1.97,21.2,1.78,155,207,470,4.32,87.3,105.8,865,1178,282,13.2,10,1.3,2936,2552,90.4,0.51,0.27,0.24,0.41,0.8,1.94,12.08,5.89,0.99,23.73,0.21,0.04,14.38,1.38,0.01,0.11,0.05,0.02,0.09,207.2,48.6,NA,14.49,1.55,1,0.87,269,4.4
18,2007,Female,60-69,465,1597,61.4,195,89,14.9,62.8,20.6,23,13.8,228,6.5,415,651,515,2540,87,4957,1572,1.29,1.9,18.5,1.6,150,192,446,4.31,75.6,104.5,786,1067,253,12.9,9.6,1.2,2674,2378,81.7,0.46,0.25,0.22,0.38,0.75,1.78,10.94,5.25,0.92,21.59,0.18,0.02,12.11,1.26,0.01,0.1,0.04,0.01,0.06,180.7,34.7,NA,12.209999999999999,1.3800000000000001,0.5,0.87,258,3.9
19,2007,Female,70 and over,523,1491,56.9,193,87,14.1,55.7,18.2,20.1,12.5,192,6.2,409,616,429,2223,87,3459,1441,1.33,1.8,17.8,1.54,165,172,451,4.37,76.9,95,743,978,233,12.6,9,1.1,2364,2189,77.5,0.39,0.21,0.18,0.32,0.59,1.52,9.7,4.72,0.78,18.89,0.16,0.02,10.98,1.19,0.01,0.09,0.04,0.01,0.06,139.1,31.3,NA,11.07,1.31,0.8,0.94,236,3.8
20,2007,Female,20 and over,2758,1766,66.7,220,103,14.3,67.3,22.3,24.4,14.8,230,6.9,393,580,374,2024,81,4638,1410,1.37,1.88,20.4,1.66,162,187,463,4.32,77.9,95.7,833,1123,258,13,9.9,1.2,2884,2290,89.3,0.51,0.26,0.23,0.4,0.73,1.93,11.85,5.69,1,22.8,0.19,0.03,13.08,1.31,0.01,0.11,0.03,0.02,0.06,163.8,39.7,6,13.19,1.4300000000000002,0.6,0.85,260,3.8
21,2007,Both,2 and over,8529,2070,78.1,256,120,15.2,78.3,26.3,28.8,16.4,276,7.2,440,607,338,1790,78,5472,1257,1.59,2.16,23.9,1.91,193,198,527,5.19,84.2,88.9,946,1297,277,14.7,11.6,1.3,3330,2509,104.9,0.59,0.31,0.26,0.46,0.77,2.26,14.09,6.77,1.22,26.9,0.23,0.04,14.5,1.4,0.02,0.13,0.04,0.02,0.07,148.8,42.8,NA,14.63,1.55,0.5,0.96,305,4.6
1,2009,Male,2-5,452,1553,55.7,216,111,12.1,54.4,19.6,19,10.8,170,5,491,593,207,1086,71,3344,610,1.3,1.83,16.4,1.47,173,134,428,4.41,82.9,40.6,1034,1137,213,11.6,8.8,0.8,2331,2092,73.8,0.51,0.31,0.27,0.45,0.59,1.86,10.16,4.68,0.73,17.81,0.18,0.01,9.69,0.88,0.01,0.08,0.01,0.01,0.03,6,43.4,NA,9.77,0.9400000000000001,0.5,1,222,6.8
2,2009,Male,6-11,588,1922,68.3,259,126,13.6,70.3,24.7,24.8,14.5,206,6,529,638,285,1131,68,4043,649,1.58,2.05,21,1.65,226,156,540,4.9,73.7,52.2,1127,1321,236,14,10.3,1,3062,2248,93.6,0.57,0.33,0.26,0.49,0.75,2.2,12.94,6.16,0.97,23.24,0.23,0.01,13.07,1.17,0.01,0.1,0.01,0.01,0.03,18.2,64.8,NA,13.17,1.23,0.6,1.03,256,6.7
3,2009,Male,12-19,672,2539,95.2,335,161,16.4,91.9,31.3,32.7,19.4,286,7.8,541,647,234,1114,77,6353,847,1.98,2.41,29.9,2.31,262,193,639,6.3,87.7,65.8,1260,1640,299,17.6,13.9,1.3,4211,2750,129.8,0.67,0.36,0.29,0.54,0.87,2.68,16.89,7.85,1.38,30.5,0.32,0.03,17.42,1.55,0.02,0.15,0.02,0.02,0.04,66.3,51.3,NA,17.57,1.6500000000000001,0.5,1.28,333,6.4
4,2009,Male,20-29,450,2626,101,320,146,17.2,93,30.7,33.5,20.3,331,8.3,480,613,327,1403,67,6263,985,1.99,2.33,32.4,2.56,230,244,635,6.03,102.4,81.8,1240,1686,334,17.5,13.7,1.4,4376,2911,138.3,0.62,0.35,0.27,0.52,0.77,2.6,16.71,7.78,1.44,31.19,0.33,0.03,17.95,1.78,0.02,0.19,0.04,0.03,0.07,124,36,NA,18.14,1.9400000000000002,0.6,1.27,390,5.5
5,2009,Male,30-39,455,2736,106.4,327,143,19.7,97.6,31.5,35.9,21.2,345,9.7,479,650,374,1828,87,7889,1358,2.07,2.58,35,2.85,245,270,687,6.64,95.9,101.4,1179,1759,370,18.9,15.3,1.6,4533,3207,145,0.6,0.33,0.26,0.51,0.79,2.59,17.26,7.98,1.58,33.49,0.36,0.04,18.8,1.77,0.02,0.19,0.04,0.03,0.09,187.9,38.8,NA,18.990000000000002,1.9500000000000002,1,1.48,427,5.3
6,2009,Male,40-49,481,2730,107.9,320,141,20.3,103.1,34.2,37.9,21.5,357,9.6,478,734,555,2747,100,7479,1660,2.07,2.71,33.9,2.68,234,277,675,6.86,99,102.5,1235,1815,386,18.6,15.6,1.6,4588,3504,144.2,0.68,0.37,0.3,0.57,0.97,2.84,18.42,8.86,1.59,35.37,0.39,0.03,19.07,1.8,0.02,0.19,0.04,0.03,0.09,253.3,50,NA,19.26,1.9800000000000002,0.6,1.08,446,6.3
7,2009,Male,50-59,470,2482,99.8,279,122,18.9,96.6,32.3,34.6,21,351,8.7,502,695,388,2081,91,5515,1650,1.9,2.58,29.8,2.32,181,269,577,5.9,91.9,117.4,1142,1669,353,16.6,14.3,1.5,4253,3311,131.3,0.67,0.38,0.3,0.57,0.9,2.74,17.48,8.15,1.49,32.25,0.33,0.04,18.49,1.95,0.01,0.18,0.04,0.03,0.08,282,52.4,NA,18.669999999999998,2.11,0.7,0.77,430,6.1
8,2009,Male,60-69,449,2206,89.3,254,108,18.2,84.5,27.2,31,18.6,305,8.5,448,694,481,2669,90,6308,1920,1.82,2.34,27,2.2,191,255,580,6.11,89.4,126.3,1022,1498,331,16.3,12.8,1.4,3900,3119,123.4,0.55,0.3,0.23,0.46,0.73,2.23,14.8,6.89,1.27,28.98,0.33,0.07,16.41,1.7,0.02,0.16,0.06,0.03,0.1,220.5,36.8,NA,16.57,1.9100000000000001,0.4,0.95,384,6
9,2009,Male,70 and over,484,1907,74.4,232,104,17.1,72.4,23,27,16.1,265,8.2,517,738,426,2391,98,4546,1466,1.68,2.24,24.4,2.11,213,207,569,5.98,90,99.1,895,1272,290,16.4,12.1,1.3,3205,2797,102,0.44,0.25,0.2,0.38,0.63,1.78,12.52,5.97,1.04,25.36,0.25,0.03,14.13,1.48,0.01,0.14,0.04,0.02,0.08,174.8,39,NA,14.270000000000001,1.6300000000000001,0.8,1.47,332,5.8
10,2009,Male,20 and over,2789,2512,98.9,296,131,18.7,93.3,30.6,34,20.2,333,8.9,483,682,421,2132,88,6489,1480,1.95,2.49,31.2,2.5,218,258,628,6.28,95.6,103.8,1146,1655,349,17.5,14.2,1.5,4243,3172,133.7,0.61,0.34,0.26,0.51,0.82,2.54,16.62,7.8,1.44,31.75,0.34,0.04,17.84,1.77,0.02,0.18,0.04,0.03,0.08,208.6,42.7,17.2,18.02,1.9400000000000002,0.7,1.16,409,5.9
11,2009,Female,2-5,409,1520,55.6,206,108,11.3,54.9,20.6,18.8,10.5,178,4.6,489,591,261,1061,74,3162,695,1.23,1.85,15.3,1.38,174,128,423,4.42,83.4,44.8,1030,1136,205,11.3,8.4,0.8,2283,2046,73.2,0.57,0.35,0.28,0.47,0.67,2.07,10.51,4.89,0.75,17.65,0.16,0.01,9.36,0.92,0.01,0.08,0.01,0.01,0.02,5.7,45.7,NA,9.44,0.9700000000000001,0.4,0.91,224,6.9
12,2009,Female,6-11,566,1812,63.2,252,120,14.5,63.9,22.1,22.5,13.5,185,5.7,443,544,233,1059,67,4973,771,1.5,1.83,19.7,1.52,208,148,502,4.32,73.8,54,963,1201,226,13.5,9.5,1,2875,2092,87.6,0.49,0.29,0.23,0.42,0.66,1.94,11.78,5.51,0.84,21.08,0.21,0.01,12.13,1.12,0.01,0.09,0.01,0.01,0.03,16.1,68.1,NA,12.22,1.1800000000000002,0.5,0.98,231,5.4
13,2009,Female,12-19,593,1821,64,242,117,12.6,67.9,23.1,23.6,15.2,211,6.5,400,516,252,1237,49,4690,854,1.41,1.72,20,1.53,206,152,502,4.01,77.8,60.3,948,1192,224,12.9,9.3,1,2958,2008,91.1,0.54,0.3,0.24,0.44,0.77,2.06,12.19,5.77,0.91,22.05,0.21,0.02,13.69,1.22,0.01,0.11,0.02,0.01,0.03,48.4,50.2,NA,13.799999999999999,1.29,0.5,0.75,237,4.7
14,2009,Female,20-29,524,1949,70.1,250,120,13.6,70.8,23.6,25,15.7,238,6.4,398,548,349,1598,64,5034,1113,1.45,1.79,22.6,1.8,183,174,485,4.69,78.5,79.2,935,1222,252,13.5,10,1.1,3217,2227,96.3,0.51,0.29,0.22,0.42,0.65,2.04,12.61,5.97,1.05,23.4,0.25,0.01,13.93,1.39,0.01,0.13,0.03,0.02,0.05,107.6,34.4,NA,14.06,1.5,0.5,0.94,269,4.3
15,2009,Female,30-39,499,1831,69.6,232,104,16.6,67.8,22.2,24.3,15.1,228,7.6,397,590,367,2087,96,5026,1448,1.44,1.93,21.1,1.81,184,197,509,4.73,78.8,90.9,960,1260,282,14.1,10.2,1.2,3050,2420,94.6,0.49,0.27,0.22,0.43,0.72,1.96,11.78,5.57,0.96,22.69,0.22,0.02,13.44,1.31,0.01,0.11,0.03,0.02,0.06,155.8,38.2,NA,13.549999999999999,1.4300000000000002,0.8,1.19,277,4.8
16,2009,Female,40-49,555,1794,69,228,105,15.1,65.3,21.2,22.9,15.3,221,6.8,343,556,475,2278,77,4359,1604,1.38,1.78,20.5,1.63,153,195,456,4.57,79,108.6,874,1181,270,12.9,9.9,1.1,3014,2391,96.5,0.46,0.25,0.21,0.39,0.65,1.8,11.41,5.29,0.92,21.35,0.24,0.02,13.55,1.37,0.01,0.12,0.04,0.02,0.07,168.8,42.5,NA,13.67,1.5100000000000002,0.3,0.55,277,4.1
17,2009,Female,50-59,429,1759,69.6,219,100,17,66,21,23.6,15.4,228,8.2,420,702,490,3097,98,4238,2428,1.41,1.92,21.5,1.82,157,220,487,4.82,99.4,151.5,890,1202,283,13.1,9.8,1.2,2992,2592,95.8,0.46,0.25,0.2,0.38,0.63,1.74,11.36,5.3,0.88,22.15,0.24,0.03,13.51,1.47,0.01,0.12,0.03,0.02,0.07,186.1,38.7,NA,13.629999999999999,1.6,1.2,1.01,291,4.6
18,2009,Female,60-69,453,1717,66.8,209,96,15.6,66.7,21.9,23.8,15.1,232,7.3,425,648,445,2406,107,4580,1615,1.34,1.9,19.9,1.64,144,204,448,4.6,79.5,107.8,872,1183,268,12.7,9.6,1.3,2891,2488,93,0.51,0.29,0.22,0.42,0.66,1.9,11.75,5.49,0.91,22.3,0.24,0.02,13.27,1.39,0.01,0.12,0.04,0.02,0.07,166.8,44.5,NA,13.389999999999999,1.53,0.6,0.78,282,4.7
19,2009,Female,70 and over,513,1535,60.1,196,89,15.2,57.8,19,20.2,13.5,190,6.3,395,612,434,2349,97,3651,1533,1.34,1.76,18.6,1.66,160,178,450,4.18,79.5,102.2,813,1061,243,12.6,9.5,1.1,2588,2339,81.4,0.42,0.23,0.19,0.36,0.6,1.59,10.2,4.8,0.78,19.04,0.18,0.02,11.89,1.34,0.01,0.09,0.02,0.02,0.05,121.9,33.5,NA,11.98,1.4400000000000002,0.6,0.99,249,4.4
20,2009,Female,20 and over,2973,1778,68,224,103,15.5,66,21.6,23.4,15.1,224,7.1,394,606,427,2295,88,4510,1628,1.4,1.85,20.8,1.73,164,195,474,4.61,82.7,106.9,895,1190,267,13.2,9.8,1.2,2980,2408,93.6,0.48,0.26,0.21,0.4,0.65,1.85,11.56,5.42,0.92,21.91,0.23,0.02,13.33,1.38,0.01,0.12,0.03,0.02,0.06,152.2,38.7,5.8,13.45,1.5,0.7,0.9,275,4.5
21,2009,Both,2 and over,9042,2081,79.5,259,119,16.2,76.8,25.5,27.5,16.8,261,7.5,448,628,379,1942,82,5263,1356,1.63,2.11,24.7,2,196,208,541,5.26,86.6,92.7,1029,1386,290,14.9,11.5,1.2,3463,2640,108.5,0.55,0.31,0.24,0.46,0.73,2.18,13.71,6.43,1.12,25.73,0.27,0.03,14.93,1.48,0.01,0.14,0.03,0.02,0.06,142.4,44.1,NA,15.07,1.6,0.6,1.02,319,5.3
1,2011,Male,2-5,411,1648,57.8,227,118,12,59,21.5,20.2,12.4,180,5.6,478,594,257,1224,74,2941,592,1.27,1.87,16.1,1.44,164,139,419,4.55,93.1,48.5,1062,1172,211,11.4,8.4,0.8,2361,2129,75.8,0.54,0.34,0.27,0.46,0.66,2.04,11.22,5.11,0.76,18.9,0.18,0.01,11.02,1.14,0.01,0.08,0.01,0.01,0.02,7.3,44.4,NA,11.1,1.19,0.5,0.96,230,7
2,2011,Male,6-11,590,2087,71.4,285,139,15.4,76.4,26.8,26.5,16.8,219,7.5,543,673,284,1377,86,5931,843,1.67,2.08,22.1,1.76,227,171,557,5.28,87.7,70.3,1137,1347,249,15.5,10.4,1.1,3196,2364,100,0.6,0.34,0.27,0.51,0.8,2.36,14.41,6.48,1,24.84,0.25,0.02,15.05,1.42,0.01,0.1,0.01,0.02,0.03,21.8,65.8,NA,15.15,1.49,0.5,1.12,262,6.6
3,2011,Male,12-19,585,2531,95.1,329,152,18.1,94.1,31.6,33.2,21.7,306,9.4,580,696,240,1236,76,7783,943,2.02,2.54,31.8,2.51,280,212,687,7.24,88.4,81.3,1311,1700,309,18.8,13.8,1.3,4220,2844,132.9,0.64,0.37,0.28,0.55,0.83,2.64,17.24,7.81,1.27,30.98,0.38,0.02,19.34,1.85,0.02,0.16,0.02,0.02,0.04,53.8,46.2,NA,19.5,1.9500000000000002,0.5,1.53,353,6.9
4,2011,Male,20-29,457,2764,102.9,332,146,19.7,102.3,33.1,36.8,23.8,341,10.2,458,612,273,1678,68,6014,1433,1.95,2.42,34.8,2.73,236,259,661,6.56,98.3,117,1194,1692,346,18,14,1.4,4477,2983,142.1,0.65,0.36,0.28,0.56,0.82,2.78,18.24,8.15,1.52,34.2,0.4,0.03,21.08,2.17,0.02,0.18,0.03,0.03,0.05,114.4,30.6,NA,21.259999999999998,2.2999999999999994,0.8,1.48,391,4.9
5,2011,Male,30-39,425,2772,110,332,147,22.1,100.4,32.4,35.9,23.8,344,11.8,460,647,380,2008,94,6438,1630,2.03,2.62,35.1,2.93,253,278,708,6.72,97.9,120,1227,1822,388,19.3,14.6,1.6,4559,3288,151.6,0.62,0.34,0.31,0.58,1.12,2.73,17.47,7.9,1.41,33.49,0.37,0.04,21.1,2.08,0.01,0.18,0.04,0.03,0.08,155.5,47.7,NA,21.28,2.2399999999999998,0.8,1.44,410,5.5
6,2011,Male,40-49,374,2734,104.8,317,137,20.2,106.8,34.8,37.9,25.3,371,10.7,506,764,504,2818,76,6638,1555,2.05,2.67,32,2.72,245,267,684,6.29,77.2,128.4,1238,1805,375,18.5,14.4,1.5,4646,3329,141.9,0.7,0.39,0.32,0.6,0.94,2.93,18.85,8.79,1.5,35.37,0.38,0.03,22.5,2.26,0.01,0.2,0.03,0.03,0.07,229.2,43.5,NA,22.7,2.399999999999999,0.6,1.28,430,6.2
7,2011,Male,50-59,382,2500,95.2,294,127,20,92.9,29.5,34,22,336,9.6,441,695,541,2736,95,5834,1749,1.77,2.41,30.2,2.59,192,271,598,5.92,94.7,128.9,989,1544,348,17.2,13.2,1.5,3996,3302,132.5,0.58,0.31,0.26,0.49,0.81,2.38,16.1,7.53,1.34,31.71,0.33,0.04,19.41,2.04,0.02,0.17,0.04,0.03,0.07,233.2,48,NA,19.580000000000002,2.1999999999999997,0.7,1.29,410,5.3
8,2011,Male,60-69,397,2302,89.7,278,116,20.8,87.9,27.9,32.6,20.5,329,9.8,786,1174,870,4185,80,5276,2363,1.79,2.68,28.2,2.3,208,290,643,9.44,99.2,239.9,1053,1561,360,17.9,13,2.1,3824,3349,122.3,0.58,0.32,0.25,0.48,0.84,2.2,15.21,7.01,1.17,30.56,0.34,0.05,18.02,1.88,0.01,0.18,0.03,0.02,0.07,285.4,43,NA,18.2,2.01,0.5,1.3,404,5.3
9,2011,Male,70 and over,359,2023,80,248,108,18.2,75.7,23.7,27.8,18.2,281,9.2,516,710,397,2099,82,4920,1526,1.67,2.29,26.1,2.3,214,218,582,6.03,82.2,113.9,881,1350,301,17.3,11.9,1.4,3328,2810,110.7,0.44,0.25,0.22,0.4,0.73,1.84,12.85,6.11,0.99,26.14,0.27,0.04,15.99,1.73,0.01,0.14,0.04,0.02,0.07,174.5,34.2,NA,16.13,1.87,1.2,1.45,344,5.6
10,2011,Male,2-19,1586,2190,79.1,292,140,15.9,80.5,27.8,28.1,18,250,7.9,546,666,258,1281,79,6106,833,1.74,2.24,25.1,2.02,237,182,585,6,89.2,70.4,1198,1467,268,16.1,11.5,1.1,3472,2527,109.5,0.61,0.35,0.28,0.51,0.78,2.42,14.98,6.78,1.07,26.29,0.29,0.02,16.09,1.55,0.01,0.12,0.01,0.02,0.03,32.9,52.3,NA,16.21,1.62,0.5,1.27,296,6.8
11,2011,Male,20 and over,2394,2567,98.8,305,133,20.3,96.2,30.9,34.8,22.7,338,10.3,514,749,481,2538,83,5953,1689,1.9,2.52,31.6,2.63,226,266,651,6.75,92.1,138.4,1116,1653,356,18.1,13.7,1.6,4218,3195,135.9,0.61,0.33,0.28,0.53,0.89,2.54,16.81,7.73,1.36,32.45,0.36,0.04,20.06,2.06,0.01,0.18,0.03,0.03,0.07,195.6,41.5,16.6,20.24,2.1999999999999993,0.7,1.37,402,5.5
12,2011,Male,2 and over,3980,2469,93.7,302,135,19.1,92.1,30.1,33,21.5,315,9.7,523,728,423,2211,82,5993,1466,1.85,2.45,29.9,2.47,229,244,633,6.56,91.3,120.7,1137,1605,333,17.6,13.1,1.5,4024,3021,129,0.61,0.34,0.28,0.52,0.86,2.51,16.33,7.48,1.28,30.85,0.34,0.03,19.03,1.93,0.01,0.16,0.03,0.03,0.06,153.3,44.3,NA,19.19,2.06,0.7,1.34,374,5.8
13,2011,Female,2-5,423,1520,53.3,208,105,12.1,55.3,20,18.8,12.1,170,5.4,449,569,302,1239,95,3728,681,1.23,1.74,15.7,1.39,167,131,415,4.13,79.6,51.9,949,1072,204,11.5,7.9,0.8,2206,1957,74,0.51,0.31,0.25,0.43,0.63,1.85,10.55,4.76,0.65,17.68,0.19,0.01,10.72,1.08,0,0.08,0.01,0.01,0.02,7.3,45.1,NA,10.8,1.12,0.4,0.93,211,6.2
14,2011,Female,6-11,556,1878,65,253,120,13.9,69.9,24.5,24.2,15.6,196,6.5,461,560,207,1048,86,4649,779,1.51,1.84,20.5,1.64,216,153,520,4.4,75.4,63.1,1004,1225,223,13.9,9.5,0.9,2954,2093,89.8,0.56,0.31,0.25,0.46,0.78,2.15,13.02,5.99,0.92,22.72,0.23,0.01,13.95,1.33,0.01,0.09,0.01,0.01,0.02,17.2,66,NA,14.04,1.3800000000000001,0.3,1.04,232,5.4
15,2011,Female,12-19,567,1809,63.2,241,117,12.5,67.7,23.1,23,16,211,6.7,385,480,200,1012,64,4332,747,1.32,1.67,19.3,1.53,180,147,453,4.11,61.3,65.9,937,1162,222,12,8.9,0.9,2949,1998,89.7,0.52,0.29,0.23,0.44,0.69,2.03,12.42,5.57,0.87,21.5,0.23,0.01,14.29,1.42,0.01,0.1,0.02,0.01,0.03,51.5,49.9,NA,14.389999999999999,1.49,0.5,0.89,234,4.3
16,2011,Female,20-29,428,2019,72.1,255,114,15.8,75.5,24.6,26.6,18,237,8,389,593,435,2192,80,5753,1818,1.61,1.83,23.6,1.98,207,191,543,4.56,83,121,908,1226,266,14.4,10,1.1,3294,2334,101.6,0.53,0.28,0.23,0.45,0.71,2.12,13.27,6.05,1.03,24.81,0.26,0.02,15.96,1.68,0.01,0.12,0.02,0.02,0.04,93.7,33.2,NA,16.080000000000002,1.77,0.7,1.15,272,3.7
17,2011,Female,30-39,404,2010,75.5,253,114,17.5,74.8,24.7,26.1,17.7,238,8,399,599,380,2165,89,5035,1522,1.48,1.96,23.1,1.94,175,213,511,4.63,77.6,104.5,938,1330,299,14.5,10.1,1.2,3179,2464,102.3,0.55,0.31,0.25,0.48,0.9,2.2,13.07,6.05,0.98,24.43,0.26,0.02,15.73,1.63,0.01,0.12,0.02,0.02,0.05,148.6,42.9,NA,15.85,1.73,0.4,0.91,288,4.2
18,2011,Female,40-49,407,1841,66.4,231,108,15.3,68.9,22.3,24.5,16.4,232,7.6,348,574,397,2476,79,4112,1888,1.32,1.81,20,1.65,154,198,460,3.94,78,129.7,856,1193,275,12.8,9.3,1.2,3089,2397,91.3,0.49,0.28,0.22,0.42,0.73,1.89,11.96,5.52,0.93,22.96,0.25,0.02,14.55,1.5,0.01,0.12,0.03,0.02,0.05,185.9,39.9,NA,14.67,1.61,0.4,0.55,273,3.8
19,2011,Female,50-59,423,1820,68,219,97,16.2,68.8,22.1,24.2,16.9,221,7.8,381,655,484,3009,79,4979,1888,1.37,1.84,20.4,1.68,174,212,507,3.99,71.6,129,866,1183,278,14,9.5,1.2,2972,2450,92.3,0.53,0.28,0.22,0.42,0.67,1.93,11.82,5.48,0.89,22.65,0.23,0.02,14.89,1.63,0.01,0.11,0.02,0.02,0.04,183.9,51.5,NA,15,1.72,0.4,0.88,265,3.6
20,2011,Female,60-69,380,1663,65.2,200,85,16.5,65.5,20.1,23.8,16.5,243,8.2,339,563,445,2432,63,4540,1855,1.31,1.81,19.4,1.67,153,217,477,3.87,77.2,132.1,808,1137,272,12.5,8.9,1.1,2769,2476,93.8,0.44,0.25,0.2,0.39,0.62,1.65,10.94,4.92,0.79,22.39,0.23,0.02,14.55,1.54,0.01,0.12,0.02,0.02,0.06,166.8,29.9,NA,14.67,1.6500000000000001,0.7,0.74,279,3.9
21,2011,Female,70 and over,365,1555,58.8,202,93,15.2,57.1,18.4,19.7,14.5,196,6.6,407,626,381,2391,99,2941,1640,1.26,1.74,18,1.63,153,183,444,4.14,80.8,111.4,809,1060,249,12.6,8.6,1.1,2526,2345,80.9,0.44,0.25,0.19,0.38,0.58,1.59,9.8,4.54,0.67,18.5,0.2,0.02,12.65,1.51,0.01,0.09,0.03,0.02,0.06,118.9,33.6,NA,12.74,1.6300000000000001,0.6,0.87,250,4.7
22,2011,Female,2-19,1546,1767,61.6,237,115,12.9,65.6,22.8,22.5,15,197,6.4,424,526,225,1074,78,4300,743,1.36,1.74,18.9,1.53,189,145,466,4.21,69.9,61.9,961,1162,218,12.5,8.9,0.9,2786,2019,86.2,0.53,0.3,0.24,0.44,0.71,2.03,12.2,5.53,0.84,21.05,0.22,0.01,13.39,1.32,0.01,0.09,0.01,0.01,0.02,30.7,54,NA,13.48,1.37,0.4,0.95,228,5.1
23,2011,Female,20 and over,2407,1834,68.1,228,103,16.1,69,22.3,24.3,16.8,229,7.7,377,603,423,2464,81,4639,1777,1.4,1.84,20.9,1.76,171,203,493,4.19,77.8,121.7,868,1194,274,13.6,9.5,1.2,2997,2412,94.1,0.5,0.28,0.22,0.43,0.71,1.92,11.92,5.48,0.89,22.8,0.24,0.02,14.82,1.59,0.01,0.11,0.02,0.02,0.05,151.3,39.3,7.8,14.93,1.6900000000000002,0.5,0.85,272,3.9
24,2011,Female,2 and over,3953,1817,66.5,231,106,15.3,68.2,22.4,23.9,16.4,221,7.4,388,585,375,2128,81,4557,1527,1.39,1.81,20.4,1.71,175,189,487,4.2,75.9,107.3,890,1186,261,13.3,9.3,1.1,2946,2317,92.2,0.51,0.28,0.23,0.43,0.71,1.95,11.99,5.49,0.88,22.38,0.24,0.02,14.47,1.52,0.01,0.11,0.02,0.02,0.04,122.2,42.9,NA,14.58,1.61,0.5,0.88,261,4.2
25,2011,Both,2-19,3132,1983,70.6,265,128,14.4,73.3,25.4,25.4,16.6,224,7.2,486,597,242,1180,79,5225,789,1.55,2,22.1,1.79,213,164,527,5.12,79.8,66.3,1082,1318,244,14.3,10.2,1,3137,2279,98.1,0.57,0.33,0.26,0.48,0.75,2.23,13.62,6.17,0.96,23.73,0.26,0.02,14.77,1.44,0.01,0.11,0.01,0.02,0.03,31.8,53.2,NA,14.879999999999999,1.51,0.5,1.11,263,6
26,2011,Both,20 and over,4801,2191,83,266,117,18.1,82.2,26.5,29.4,19.7,282,9,444,674,451,2500,82,5279,1734,1.64,2.17,26.1,2.19,198,234,570,5.44,84.8,129.8,989,1418,314,15.8,11.5,1.4,3592,2793,114.5,0.55,0.3,0.25,0.48,0.79,2.22,14.3,6.57,1.12,27.5,0.3,0.03,17.37,1.82,0.01,0.15,0.03,0.02,0.06,172.9,40.4,12.1,17.52,1.9400000000000002,0.6,1.11,335,4.7
27,2011,Both,2 and over,7933,2139,79.9,266,120,17.2,80,26.2,28.4,18.9,267,8.5,455,655,399,2169,81,5265,1497,1.62,2.13,25.1,2.09,202,216,559,5.36,83.5,113.9,1012,1393,297,15.4,11.2,1.3,3478,2665,110.4,0.56,0.31,0.25,0.48,0.78,2.22,14.13,6.47,1.08,26.56,0.29,0.03,16.72,1.72,0.01,0.14,0.03,0.02,0.05,137.5,43.6,NA,16.86,1.83,0.6,1.11,317,5
1,2013,Male,2-5,337,1571,55.8,217,104,12.4,55.7,20.1,18.3,12,180,5.9,443,566,332,1279,71,3370,592,1.33,1.74,16.4,1.43,175,139,436,3.93,81.4,48.9,940,1097,207,12,7.9,0.8,2396,2019,78,0.48,0.32,0.29,0.48,0.74,1.89,10.42,4.6,0.64,16.86,0.21,0.01,10.67,1.07,0.01,0.09,0.02,0.01,0.04,4.7,41.1,NA,10.76,1.1500000000000001,0.6,0.9,217,6.1
2,2013,Male,6-11,537,2036,72.9,270,126,15,76.2,28.5,25.1,15.4,234,7.2,576,711,302,1443,76,4197,872,1.68,2.14,22,1.84,222,162,538,5.11,77.4,71.8,1175,1388,246,14.7,10.5,1,3185,2332,102.2,0.65,0.41,0.35,0.64,1.2,2.68,14.84,6.69,0.99,22.57,0.25,0.02,13.78,1.36,0.01,0.12,0.01,0.01,0.02,16.3,60.2,NA,13.899999999999999,1.4100000000000001,0.5,1.17,267,6.1
3,2013,Male,12-19,646,2376,95.5,298,139,16.4,90.5,30.5,30.9,20.1,315,9.3,529,648,293,1253,73,5392,937,1.99,2.53,31.5,2.53,250,195,620,6.5,75.9,80.5,1186,1604,296,17.4,13.7,1.1,3960,2665,131.1,0.59,0.37,0.29,0.57,0.93,2.58,16.62,7.37,1.23,27.69,0.32,0.02,17.99,1.73,0.01,0.17,0.01,0.02,0.03,53,48,NA,18.16,1.8,1.1,2,347,6
4,2013,Male,20-29,424,2704,110.8,310,141,17.7,103.9,34.3,35.8,23.8,377,11.6,551,739,300,2082,68,5551,1616,2,2.81,35.8,2.91,232,262,656,7.28,87.3,124.3,1284,1825,350,17.6,14.7,1.4,4466,3010,148.6,0.63,0.4,0.32,0.64,0.96,2.95,18.68,8.27,1.47,31.75,0.42,0.04,21.16,2.14,0.01,0.21,0.03,0.03,0.06,122.1,37.3,NA,21.37,2.2699999999999996,1.6,1.92,426,6.1
5,2013,Male,30-39,429,2622,102,310,138,19.1,97.7,31.3,34.2,22.4,353,10.7,460,678,461,2355,70,5888,1506,1.92,2.58,36,3.24,215,255,620,6.77,82.4,118.4,1094,1681,350,16.7,13.9,1.4,4274,2991,138.5,0.55,0.34,0.29,0.57,1,2.61,17.01,7.59,1.34,30.54,0.39,0.04,19.93,1.98,0.01,0.19,0.03,0.03,0.06,178.2,33.6,NA,20.12,2.11,0.9,2.14,402,4.6
6,2013,Male,40-49,410,2520,101.9,294,129,19,94.1,30.8,32.5,21.5,362,10,452,655,451,2188,64,5705,1500,1.86,2.53,32,2.61,182,254,563,5.69,75.1,114.5,1092,1675,351,16,12.9,1.4,4254,3101,144.9,0.6,0.36,0.3,0.59,0.93,2.64,16.68,7.51,1.29,29.5,0.39,0.03,19.02,1.93,0.02,0.19,0.05,0.03,0.1,204.7,50.1,NA,19.21,2.13,0.6,0.99,423,6.3
7,2013,Male,50-59,398,2493,96.7,286,119,19.5,96.3,31.1,34.6,21.6,352,10.4,475,672,376,2148,88,5407,1706,1.85,2.54,30.1,2.49,212,254,615,5.58,83.4,130.5,1013,1589,360,17,12.9,1.5,4074,3110,140.5,0.57,0.36,0.31,0.59,1,2.51,16.91,7.63,1.29,31.26,0.39,0.03,19.06,1.92,0.01,0.19,0.03,0.03,0.08,229.3,41.5,NA,19.25,2.07,0.9,1.18,416,5.2
8,2013,Male,60-69,395,2253,86.9,258,106,18.9,89.4,28.7,31.3,21.5,304,9.9,453,660,375,2257,92,6931,1492,1.78,2.32,27.9,2.21,185,230,545,4.7,78.3,118.4,997,1450,329,15.6,11.4,1.3,3687,2908,125.5,0.57,0.35,0.28,0.56,0.89,2.37,15.61,6.88,1.08,28.4,0.38,0.04,18.93,2.05,0.01,0.16,0.03,0.02,0.06,194.3,50.7,NA,19.09,2.1699999999999995,0.7,0.94,359,5.1
9,2013,Male,70 and over,358,2022,80.8,237,102,18.9,80.9,26.6,28.2,18.8,313,9.4,544,759,426,2344,79,5606,1614,1.72,2.29,25.4,2.27,205,227,576,5.4,97.5,116,940,1377,313,16.5,12.3,1.3,3424,2912,112.8,0.53,0.34,0.27,0.53,0.87,2.24,14.31,6.48,1.04,25.25,0.34,0.05,16.32,1.98,0.01,0.16,0.04,0.02,0.08,157.6,37.2,NA,16.48,2.13,1.3,1.35,358,5.7
10,2013,Male,2-19,1520,2101,79.9,273,128,15.1,78.8,27.8,26.4,16.9,260,7.9,529,654,304,1325,73,4581,848,1.75,2.24,25.2,2.07,225,173,555,5.51,77.5,71.4,1135,1430,261,15.4,11.5,1,3385,2423,110.7,0.59,0.37,0.31,0.58,0.99,2.49,14.8,6.6,1.03,23.8,0.28,0.02,15.09,1.47,0.01,0.14,0.01,0.02,0.03,30.8,51,NA,15.23,1.54,0.8,1.5,294,6.1
11,2013,Male,20 and over,2414,2477,98.3,287,125,18.8,95,30.9,33.2,21.9,348,10.4,488,691,394,2216,76,5817,1575,1.87,2.54,31.8,2.66,207,249,601,6.01,83.3,120.9,1086,1625,345,16.6,13.2,1.4,4094,3016,137.4,0.58,0.36,0.3,0.59,0.95,2.59,16.77,7.5,1.28,29.85,0.39,0.04,19.32,2,0.01,0.19,0.03,0.03,0.07,181.4,41.7,15.5,19.51,2.1399999999999992,1,1.45,402,5.5
12,2013,Male,2 and over,3934,2382,93.6,283,126,17.9,90.9,30.1,31.5,20.6,325,9.8,498,682,371,1991,76,5505,1391,1.84,2.47,30.2,2.51,211,230,589,5.88,81.9,108.4,1098,1576,324,16.3,12.7,1.3,3915,2866,130.6,0.58,0.36,0.3,0.59,0.96,2.57,16.27,7.27,1.22,28.32,0.36,0.03,18.25,1.87,0.01,0.18,0.03,0.03,0.06,143.3,44,NA,18.43,2,0.9,1.46,375,5.7
13,2013,Female,2-5,339,1395,50.3,186,90,10.8,51.9,18.8,16.9,11.3,167,5.3,438,532,213,1008,56,2627,589,1.17,1.68,14.8,1.32,170,119,409,3.82,74.2,50.1,926,1016,184,10.8,8.1,0.7,2110,1811,68.2,0.47,0.3,0.26,0.46,0.68,1.8,9.79,4.32,0.63,15.45,0.17,0.01,10.08,1.03,0,0.08,0.01,0.01,0.02,5.6,37.2,NA,10.16,1.07,0.5,0.93,201,5.6
14,2013,Female,6-11,510,1786,61.2,239,107,13.9,67.7,23.6,22.4,15.4,195,7.1,478,586,240,1143,74,3965,957,1.51,1.83,20,1.59,203,148,493,4.29,71.6,75,960,1180,218,13.8,9.1,0.9,2767,1962,88.2,0.5,0.33,0.27,0.51,0.85,2.12,12.53,5.53,0.81,20.35,0.23,0.02,13.78,1.38,0.01,0.1,0.01,0.01,0.02,12.1,47.7,NA,13.879999999999999,1.43,0.8,1.25,224,4.7
15,2013,Female,12-19,650,1689,61.9,220,99,12.5,64.2,21.3,21.3,15.5,188,6.7,367,507,306,1501,62,3894,981,1.35,1.7,20.5,1.6,187,149,467,3.9,62.7,82.5,842,1095,210,12.1,8.6,0.9,2844,1873,88.3,0.43,0.27,0.22,0.44,0.71,1.86,11.52,5.01,0.76,19.49,0.24,0.02,13.85,1.37,0.01,0.1,0.02,0.02,0.03,44.4,33.7,NA,13.95,1.4500000000000002,0.4,1.06,216,3.7
16,2013,Female,20-29,430,1933,70.2,237,111,14.3,73.7,24.3,24.9,17.4,251,8,377,536,310,1735,66,3913,1329,1.4,1.73,22.3,1.91,170,181,471,4.23,71.6,100.9,872,1191,248,12.3,9.4,1,3210,2158,98.2,0.5,0.3,0.25,0.5,0.8,2.14,13.13,5.79,0.95,22.52,0.27,0.02,15.32,1.64,0.01,0.13,0.02,0.02,0.05,90.6,34.2,NA,15.450000000000001,1.74,0.8,1.07,275,4
17,2013,Female,30-39,463,1986,76.5,243,111,16.5,76.5,24.6,26.4,18.2,260,9.3,346,570,303,2514,74,4674,2097,1.5,1.92,23.2,1.84,154,223,485,4.02,76.3,139,912,1286,285,13.1,10.1,1.2,3269,2364,106.2,0.47,0.3,0.27,0.5,0.96,2.11,13.14,5.94,0.95,23.92,0.3,0.02,16.1,1.71,0.01,0.14,0.03,0.02,0.06,131,35.7,NA,16.240000000000002,1.83,1,0.62,296,3.8
18,2013,Female,40-49,487,1873,72.3,224,99,15.9,73.7,23.6,25.6,17.6,242,8.5,342,570,506,2441,102,4685,1760,1.38,1.85,21.6,1.71,141,210,449,3.83,72.8,130.9,865,1217,277,12.4,9.3,1.1,3068,2405,102.4,0.46,0.29,0.23,0.46,0.71,1.99,12.84,5.71,0.94,23.24,0.28,0.03,15.56,1.68,0.01,0.13,0.03,0.02,0.07,168.4,40.8,NA,15.690000000000001,1.81,0.6,0.56,281,3.6
19,2013,Female,50-59,439,1779,69.7,210,93,15.3,70.6,22.1,24.3,17.4,246,8.6,377,597,465,2388,78,4079,2133,1.39,1.89,21.6,1.8,152,198,456,3.73,74.1,141.6,828,1177,278,13.1,9.1,1.1,2894,2390,97.1,0.42,0.27,0.22,0.44,0.71,1.82,12.02,5.35,0.85,22.24,0.25,0.02,15.34,1.68,0.01,0.14,0.03,0.02,0.06,201.3,40.6,NA,15.48,1.8,0.9,0.82,281,4.1
20,2013,Female,60-69,433,1712,67.6,201,85,15.2,69.1,21.7,24.3,16.9,233,8.3,372,607,401,2573,120,4241,1681,1.34,1.8,20.4,1.61,144,195,440,4.12,71.2,122.3,814,1154,267,12,9,1.1,2837,2301,96.1,0.41,0.26,0.21,0.42,0.68,1.75,11.82,5.15,0.78,22.19,0.31,0.03,14.85,1.57,0.01,0.12,0.04,0.02,0.07,167.4,34.9,NA,14.969999999999999,1.7100000000000002,0.9,0.63,277,4.2
21,2013,Female,70 and over,381,1604,60,201,92,15.2,62.9,20.3,21.6,15.3,210,7.7,437,654,420,2355,100,4010,1485,1.31,1.79,18.4,1.66,156,186,451,3.81,87.4,110.7,809,1069,249,12.4,8.8,1,2597,2290,83.5,0.43,0.27,0.22,0.43,0.67,1.74,10.84,4.94,0.71,19.71,0.22,0.02,13.46,1.53,0,0.11,0.02,0.02,0.05,132.2,29.6,NA,13.57,1.62,1,0.93,256,4.4
22,2013,Female,2-19,1499,1657,59.2,219,100,12.6,62.7,21.5,20.7,14.6,186,6.5,418,538,265,1280,64,3645,889,1.36,1.74,19.1,1.54,188,142,463,4.01,68,73.2,898,1105,207,12.3,8.7,0.8,2662,1888,84,0.46,0.3,0.24,0.46,0.75,1.93,11.47,5.03,0.75,18.9,0.22,0.02,13.02,1.3,0.01,0.1,0.01,0.01,0.02,25.7,38.9,NA,13.12,1.35,0.6,1.09,216,4.4
23,2013,Female,20 and over,2633,1825,69.8,220,99,15.4,71.5,22.9,24.7,17.2,242,8.4,372,586,402,2324,89,4271,1762,1.39,1.83,21.4,1.76,153,199,459,3.96,75.1,125,852,1187,268,12.6,9.3,1.1,2997,2320,97.8,0.45,0.28,0.24,0.46,0.76,1.94,12.37,5.51,0.87,22.41,0.27,0.02,15.18,1.64,0.01,0.13,0.03,0.02,0.06,149.7,36.4,6.8,15.31,1.76,0.9,0.77,278,4
24,2013,Female,2 and over,4132,1786,67.4,220,99,14.8,69.4,22.6,23.7,16.6,229,8,383,575,370,2083,83,4126,1561,1.38,1.81,20.9,1.71,161,186,460,3.97,73.4,113,863,1168,254,12.5,9.2,1,2920,2220,94.6,0.45,0.29,0.24,0.46,0.76,1.93,12.16,5.4,0.84,21.6,0.26,0.02,14.68,1.56,0.01,0.12,0.02,0.02,0.05,121,37,NA,14.799999999999999,1.6600000000000001,0.8,0.84,264,4.1
25,2013,Both,2-19,3019,1885,69.8,246,114,13.9,70.9,24.7,23.6,15.8,224,7.2,475,598,285,1303,69,4126,868,1.56,2,22.2,1.81,207,158,510,4.78,72.9,72.2,1020,1272,235,13.9,10.1,0.9,3034,2163,97.7,0.53,0.34,0.28,0.52,0.87,2.22,13.18,5.84,0.89,21.42,0.25,0.02,14.09,1.39,0.01,0.12,0.01,0.02,0.03,28.3,45.1,NA,14.209999999999999,1.46,0.7,1.3,256,5.3
26,2013,Both,20 and over,5047,2141,83.6,253,111,17.1,82.9,26.7,28.8,19.5,293,9.4,428,637,398,2271,83,5021,1671,1.62,2.18,26.5,2.2,179,224,528,4.95,79.1,123,965,1399,305,14.5,11.2,1.2,3529,2658,117,0.51,0.32,0.27,0.52,0.85,2.25,14.5,6.47,1.07,26.02,0.33,0.03,17.19,1.82,0.01,0.16,0.03,0.02,0.07,165,38.9,11,17.35,1.9500000000000002,0.9,1.1,339,4.7
27,2013,Both,2 and over,8066,2079,80.3,251,112,16.3,80,26.3,27.6,18.6,276,8.9,440,627,371,2037,79,4805,1477,1.61,2.13,25.4,2.11,186,208,524,4.91,77.6,110.7,978,1369,288,14.4,10.9,1.2,3409,2538,112.3,0.52,0.32,0.27,0.52,0.86,2.24,14.18,6.32,1.03,24.91,0.31,0.03,16.44,1.71,0.01,0.15,0.03,0.02,0.06,132,40.4,NA,16.59,1.83,0.9,1.15,319,4.9
1,2015,Male,2-5,336,1545,54.7,205,96,12.1,58.6,20.6,20,12.9,188,6.4,443,556,271,1182,82,3689,780,1.29,1.74,17,1.44,186,133,448,3.94,79.1,55.4,959,1100,203,11.5,8.4,0.8,2347,1950,78.8,0.46,0.3,0.26,0.46,0.63,1.86,11.13,4.73,0.73,18.65,0.21,0.02,11.51,1.11,0.01,0.1,0.01,0.01,0.02,7.1,32.7,NA,11.61,1.1600000000000001,0.8,0.91,221,6
2,2015,Male,6-11,517,1973,69.2,258,117,14.7,76.3,27,25.7,16.7,228,7.3,503,638,365,1409,62,4354,793,1.59,2,21.4,1.68,203,157,501,4.54,67.2,62.9,1040,1308,239,14.3,10.1,0.9,3153,2156,100.7,0.52,0.35,0.31,0.56,1.05,2.36,14.6,6.36,0.98,23.86,0.27,0.02,15.06,1.36,0.01,0.12,0.02,0.02,0.03,16.1,55.9,NA,15.18,1.4400000000000002,0.5,1.13,252,5.6
3,2015,Male,12-19,609,2247,84.5,282,124,16,88.5,31,30.1,19.1,276,8.5,532,653,252,1300,64,5607,901,1.83,2.26,27.8,2.11,243,186,599,5.94,67.9,78.6,1128,1471,276,16.7,12.6,1.1,3783,2408,122.8,0.6,0.39,0.34,0.63,1.14,2.75,16.81,7.3,1.24,27.97,0.35,0.03,17.1,1.65,0.01,0.15,0.02,0.02,0.04,50,54.6,NA,17.25,1.74,0.8,1.61,303,5.7
4,2015,Male,20-29,392,2570,107.3,293,121,18.9,100,33.4,35.2,21.8,377,10.6,523,677,291,1673,77,5850,1564,1.91,2.6,36.3,2.98,222,249,627,6.36,91.9,115.8,1150,1719,360,16.9,13.9,1.4,4421,2885,155.1,0.61,0.39,0.32,0.65,1.06,2.91,18.29,7.87,1.52,32.6,0.39,0.03,19.24,1.93,0.01,0.2,0.02,0.03,0.06,122,28.7,NA,19.439999999999998,2.05,1.3,1.85,406,5.2
5,2015,Male,30-39,418,2687,104.4,307,130,19.4,104.8,35.4,36.5,23.2,383,10,493,640,259,1610,77,6472,1441,1.93,2.64,35.2,2.83,214,264,628,6.77,89.1,121.3,1151,1721,352,16.6,14.1,1.4,4583,3077,147.2,0.66,0.41,0.33,0.66,1,3.02,19.42,8.65,1.58,33.75,0.41,0.04,20.47,2.18,0.03,0.2,0.04,0.03,0.08,165.6,35,NA,20.669999999999998,2.36,0.9,1.81,419,5.6
6,2015,Male,40-49,370,2519,98.1,283,120,19.2,98.6,31.7,35.1,22.5,359,11.3,478,693,540,2271,87,5952,1528,1.81,2.5,32,2.49,201,258,598,6.19,80.1,121.5,1067,1629,348,16.4,13.5,1.4,4090,2930,135,0.55,0.36,0.31,0.59,1.04,2.61,17.41,7.6,1.45,32.65,0.38,0.04,19.97,1.99,0.01,0.18,0.04,0.03,0.07,204.5,32.3,NA,20.15,2.1399999999999997,1.7,1.33,406,5.1
7,2015,Male,50-59,397,2487,97.5,284,125,18.8,98.3,32.1,34.8,22.5,353,9.8,445,661,489,2313,89,6533,1266,1.79,2.62,29.8,2.41,171,250,541,6.23,72.9,110.9,1068,1622,354,15.2,13.3,1.4,4202,3136,135.7,0.59,0.38,0.34,0.63,1.16,2.75,17.38,7.81,1.42,32.26,0.37,0.04,19.8,2.17,0.01,0.19,0.03,0.03,0.07,284.2,33.1,NA,19.990000000000002,2.309999999999999,0.7,1.06,421,5.1
8,2015,Male,60-69,420,2166,87,253,106,19.5,86.5,27.6,31,20.2,306,9.2,386,618,499,2503,91,4809,1557,1.79,2.36,27.6,2.14,171,245,536,4.65,89.8,121,920,1427,343,15,11.9,1.3,3627,2948,120.1,0.49,0.31,0.27,0.51,0.93,2.26,15.05,6.68,1.16,28.94,0.32,0.04,17.87,1.94,0.01,0.17,0.03,0.02,0.06,285.9,31.3,NA,18.040000000000003,2.06,0.6,0.89,367,4.3
9,2015,Male,70 and over,418,2014,76,232,99,17.6,83.9,27.9,29.6,19.1,275,8.9,501,689,333,2034,109,5761,1600,1.73,2.27,24.2,2.03,215,211,577,5.02,91.3,121.5,935,1334,294,16.2,11.7,1.2,3351,2758,107.9,0.56,0.36,0.34,0.61,1.27,2.49,14.69,6.59,1.1,27.69,0.29,0.04,16.84,1.86,0.01,0.14,0.02,0.02,0.06,185.5,30.9,NA,16.98,1.9700000000000002,1.1,1.22,324,5.4
10,2015,Male,2-19,1462,2009,73.1,258,116,14.8,78.2,27.5,26.5,17,242,7.7,504,628,295,1314,67,4780,839,1.64,2.06,23.4,1.82,217,165,534,5.04,69.9,68.4,1063,1339,248,14.8,10.9,1,3272,2227,106.1,0.54,0.36,0.31,0.57,1.01,2.43,14.89,6.45,1.05,24.64,0.29,0.03,15.26,1.44,0.01,0.13,0.02,0.02,0.03,29.4,50.6,NA,15.39,1.52,0.7,1.3,269,5.8
11,2015,Male,20 and over,2415,2439,96.6,279,118,18.9,96.3,31.7,34,21.7,348,10,474,663,397,2042,87,5952,1483,1.83,2.52,31.4,2.53,200,248,587,5.97,85.5,118.2,1062,1596,345,16.1,13.2,1.4,4107,2967,135.9,0.58,0.37,0.32,0.61,1.07,2.71,17.26,7.62,1.4,31.61,0.37,0.04,19.18,2.02,0.01,0.18,0.03,0.03,0.07,205.1,31.9,14.1,19.36,2.1599999999999993,1,1.39,395,5.1
12,2015,Male,2 and over,3877,2332,90.7,274,118,17.9,91.8,30.7,32.2,20.5,321,9.4,481,654,372,1860,82,5659,1322,1.78,2.4,29.4,2.35,204,227,574,5.74,81.6,105.8,1062,1532,320,15.8,12.6,1.3,3899,2782,128.4,0.57,0.37,0.32,0.6,1.06,2.64,16.67,7.33,1.31,29.87,0.35,0.04,18.2,1.87,0.01,0.17,0.03,0.02,0.06,161.2,36.5,NA,18.37,1.9900000000000002,1,1.37,364,5.3
13,2015,Female,2-5,329,1395,51.2,183,88,11,53.3,19.2,18.1,11.2,177,5.3,417,530,291,1188,61,2924,661,1.14,1.61,15.2,1.32,147,123,372,3.69,65.8,48.2,863,1001,183,10.2,7.3,0.7,2089,1790,70.7,0.47,0.32,0.27,0.47,0.72,1.87,10.1,4.35,0.68,16.85,0.17,0.01,9.99,1,0,0.08,0.01,0.01,0.02,5.3,27.9,NA,10.07,1.04,0.5,0.91,203,5.5
14,2015,Female,6-11,523,1834,64.5,237,105,14,72.3,25.9,24.3,15.6,222,7.1,479,605,309,1316,84,4253,776,1.5,1.87,19.9,1.56,205,148,497,4.29,64.4,62.8,965,1206,223,13.8,9.8,0.9,2936,2024,94.1,0.54,0.36,0.31,0.56,0.96,2.36,13.91,5.98,0.93,22.63,0.25,0.02,13.96,1.37,0,0.11,0.01,0.02,0.03,11.5,53.8,NA,14.07,1.4300000000000002,0.5,1,242,5.4
15,2015,Female,12-19,587,1813,63.4,233,104,13.9,72.1,24.8,24.3,16.5,214,7.2,405,506,205,1086,55,3768,920,1.46,1.7,20.9,1.63,198,152,489,3.96,63.5,73.9,857,1147,224,13.2,9.1,0.9,2946,1962,91.9,0.51,0.33,0.28,0.53,0.97,2.21,13.31,5.76,0.9,22.71,0.25,0.02,14.73,1.42,0.01,0.11,0.01,0.02,0.03,39.7,49.3,NA,14.84,1.49,0.4,1.07,232,4.2
16,2015,Female,20-29,442,1917,72.6,231,101,15.3,76.7,24.5,26.6,18.6,283,8.8,380,565,398,1990,67,4444,1635,1.39,1.88,24.2,2.07,171,195,486,4.37,74.2,122.7,870,1214,266,12.4,9.7,1.1,3189,2256,104.7,0.45,0.29,0.27,0.49,0.9,2.03,13.44,5.71,1.01,24.89,0.28,0.02,16.51,1.75,0.01,0.15,0.02,0.02,0.05,97.4,33.2,NA,16.66,1.85,1.2,1.32,297,4.1
17,2015,Female,30-39,435,1869,74.1,215,91,17,74,24,25.7,17.6,267,8.9,384,681,711,3172,85,4254,1819,1.43,1.97,24.1,2.06,149,215,469,4.23,78,131.4,891,1278,297,12.6,9.9,1.2,3309,2389,104,0.46,0.29,0.26,0.5,0.93,2.05,12.94,5.72,0.95,23.98,0.28,0.03,15.56,1.61,0.01,0.14,0.03,0.02,0.06,135.4,31.1,NA,15.700000000000001,1.7300000000000002,1.1,1.02,303,4.5
18,2015,Female,40-49,460,1845,72.7,218,97,15.2,73.7,23.7,26,17.5,263,8.7,377,564,332,2043,83,3846,1665,1.35,1.89,21.8,1.83,157,195,463,4.36,68.3,114.6,868,1236,280,12,9.6,1.2,3073,2345,100.6,0.42,0.28,0.26,0.48,0.95,2.04,12.79,5.65,1,24.26,0.28,0.02,15.45,1.64,0.01,0.14,0.03,0.02,0.06,155.2,30.9,NA,15.59,1.76,1.3,0.9,292,4.5
19,2015,Female,50-59,419,1807,69.6,207,93,16.2,75.1,23.7,26.8,17.9,256,9.4,398,612,403,2309,120,5442,1872,1.37,1.89,20.8,1.73,145,209,456,3.85,81.6,136.7,880,1214,285,12.3,9.6,1.1,2997,2423,94.8,0.5,0.31,0.26,0.51,0.85,2.05,12.82,5.45,0.99,24.96,0.28,0.02,15.75,1.71,0.01,0.14,0.03,0.02,0.06,171.4,29.2,NA,15.89,1.83,1,0.85,290,4.1
20,2015,Female,60-69,432,1686,65,200,91,15.7,70.4,23.8,24.3,16.1,240,7.3,346,566,416,2396,77,3310,1605,1.27,1.72,18.2,1.52,113,200,393,3.84,66.5,122.1,771,1106,255,11.5,9.3,1.1,2870,2326,87.9,0.47,0.3,0.32,0.53,1.22,2.14,12.44,5.63,0.94,22.62,0.25,0.03,14.05,1.72,0.01,0.12,0.03,0.02,0.06,150.6,46.5,NA,14.17,1.84,0.6,0.49,280,4.1
21,2015,Female,70 and over,414,1598,60.7,196,87,14.9,64.3,21.3,22.3,14.9,219,7.5,358,599,389,2642,114,4101,1593,1.23,1.66,17.9,1.47,135,170,400,3.56,74.3,109.5,761,1053,238,11.5,8.2,1,2517,2171,84.5,0.46,0.29,0.24,0.47,0.81,1.89,11.41,5.05,0.79,20.87,0.23,0.02,13.04,1.52,0.01,0.11,0.03,0.02,0.06,130,30.4,NA,13.149999999999999,1.6400000000000001,0.8,0.68,251,4.2
22,2015,Female,2-19,1439,1725,61,223,101,13.3,67.9,23.9,22.9,15,208,6.7,432,543,258,1182,65,3731,815,1.4,1.73,19.3,1.54,189,144,465,4,64.3,64.5,893,1133,214,12.7,8.9,0.9,2748,1943,87.8,0.51,0.34,0.29,0.52,0.91,2.18,12.77,5.51,0.86,21.35,0.23,0.02,13.4,1.31,0.01,0.11,0.01,0.01,0.02,22.9,45.9,NA,13.51,1.36,0.5,1.01,228,4.9
23,2015,Female,20 and over,2602,1795,69.4,212,94,15.7,72.7,23.6,25.4,17.2,256,8.5,376,598,440,2410,91,4294,1706,1.35,1.84,21.3,1.79,147,198,447,4.05,74.2,123.5,845,1189,272,12.1,9.4,1.1,3007,2323,96.6,0.46,0.3,0.27,0.5,0.94,2.03,12.68,5.54,0.95,23.73,0.27,0.02,15.16,1.66,0.01,0.13,0.03,0.02,0.06,140.4,33.2,6.1,15.290000000000001,1.78,1,0.89,287,4.3
24,2015,Female,2 and over,4041,1779,67.5,214,95,15.2,71.6,23.6,24.8,16.7,245,8.1,389,585,398,2125,85,4164,1500,1.36,1.82,20.9,1.73,156,186,451,4.04,71.9,109.8,856,1176,258,12.2,9.3,1.1,2947,2235,94.5,0.47,0.3,0.27,0.5,0.93,2.07,12.7,5.54,0.93,23.18,0.26,0.02,14.75,1.58,0.01,0.13,0.02,0.02,0.05,113.1,36.1,NA,14.88,1.6800000000000002,0.9,0.92,273,4.4
25,2015,Both,2-19,2901,1868,67.1,241,108,14,73.1,25.7,24.7,16,225,7.2,468,586,277,1249,66,4261,827,1.52,1.9,21.4,1.68,203,155,500,4.53,67.1,66.5,979,1237,231,13.8,9.9,0.9,3013,2086,97.1,0.52,0.35,0.3,0.55,0.96,2.31,13.84,5.99,0.95,23.02,0.26,0.02,14.34,1.37,0.01,0.12,0.01,0.02,0.03,26.2,48.3,NA,14.459999999999999,1.4400000000000002,0.6,1.16,249,5.3
26,2015,Both,20 and over,5017,2105,82.5,244,106,17.3,84.1,27.5,29.6,19.4,300,9.2,423,629,420,2233,89,5092,1599,1.58,2.17,26.2,2.15,172,222,514,4.97,79.6,120.9,949,1385,307,14,11.2,1.2,3536,2633,115.5,0.52,0.33,0.29,0.55,1,2.36,14.89,6.54,1.17,27.52,0.32,0.03,17.1,1.84,0.01,0.16,0.03,0.02,0.06,171.5,32.5,9.9,17.26,1.9600000000000002,1,1.13,339,4.7
27,2015,Both,2 and over,7918,2048,78.8,243,106,16.5,81.4,27.1,28.4,18.6,282,8.8,434,619,385,1996,84,4892,1413,1.57,2.1,25,2.03,180,206,511,4.86,76.6,107.8,956,1349,289,14,10.9,1.2,3410,2502,111,0.52,0.34,0.3,0.55,0.99,2.35,14.63,6.41,1.11,26.44,0.3,0.03,16.43,1.72,0.01,0.15,0.02,0.02,0.05,136.6,36.3,NA,16.58,1.82,0.9,1.14,317,4.8
1,2017,Male,2-5,260,1656,56.7,220,106,12.4,63.8,22.5,20.7,14.1,193,6,460,566,181,1141,87,4071,631,1.33,1.64,17,1.49,161,129,403,3.94,80.3,50.7,1011,1181,217,10.9,7.9,0.8,2342,2089,74.1,0.47,0.32,0.25,0.52,0.82,2.12,12.18,4.92,0.81,19.7,0.24,0.02,12.74,1.18,0.01,0.1,0.01,0.02,0.02,11.1,38.2,NA,12.84,1.24,0.4,0.78,222,5.5
2,2017,Male,6-11,383,2006,68.8,260,118,14.9,79.6,28.1,26.3,17.4,239,9,585,680,176,1014,90,3637,926,1.67,1.96,22.6,1.82,230,151,541,4.88,77.2,72.7,1066,1322,241,14.8,10.3,0.9,3052,2125,94.1,0.52,0.35,0.29,0.58,1.08,2.47,15.25,6.52,1.03,24.93,0.28,0.03,15.73,1.43,0.01,0.13,0.01,0.02,0.02,17.6,62.3,NA,15.860000000000001,1.49,2,1.36,256,5.3
3,2017,Male,12-19,531,2275,86.5,283,126,15.7,90.2,31,29.7,20.4,279,8.6,517,622,191,1134,71,5902,831,1.85,2.16,28.4,2.15,234,172,569,5.56,70,78.5,1079,1497,275,15.5,11.9,1.1,3737,2434,123.6,0.57,0.37,0.31,0.63,1.12,2.74,16.86,7.27,1.22,27.94,0.31,0.03,18.33,1.73,0.01,0.15,0.02,0.02,0.03,50.5,46.9,NA,18.479999999999997,1.81,0.7,1.34,303,5
4,2017,Male,20-29,335,2409,92.9,271,105,16.7,95.9,31.4,32.1,22.9,346,9.5,458,604,339,1555,65,4892,1144,1.84,2.24,31.7,2.58,238,215,618,5.62,68.6,95.7,1136,1585,323,15.8,12.7,1.2,4219,2643,133.3,0.54,0.34,0.26,0.57,0.8,2.65,17.43,7.66,1.46,30.04,0.37,0.04,20.49,1.95,0.01,0.19,0.02,0.03,0.05,110.7,27.5,NA,20.68,2.0599999999999996,0.9,1.3,366,4.8
5,2017,Male,30-39,329,2660,102.7,299,124,19.8,106.2,34.3,36.9,24.6,393,10.9,458,704,396,2700,109,6320,1601,1.93,2.84,36.2,3.22,186,248,562,7,86.4,127.4,1140,1682,364,16.6,13.7,1.4,4407,3042,145.6,0.55,0.35,0.3,0.61,1.03,2.81,19.03,8.39,1.56,34.64,0.39,0.03,21.78,2.29,0.01,0.21,0.03,0.03,0.07,180.4,37,NA,21.990000000000002,2.4299999999999993,1.1,2.39,418,4.4
6,2017,Male,40-49,340,2605,104.7,293,128,18.7,106.5,34.1,37.6,24.1,371,11.7,478,746,569,2873,131,6376,2020,1.91,2.7,34.9,2.81,202,246,587,6.56,85.8,146.7,1129,1717,359,16.8,14,1.4,4247,3053,139.4,0.62,0.4,0.33,0.69,1.15,2.88,18.5,8.29,1.68,35.29,0.45,0.05,21.49,2.21,0.01,0.2,0.03,0.03,0.05,203.8,37.1,NA,21.689999999999998,2.329999999999999,1.9,1.96,400,4.3
7,2017,Male,50-59,375,2554,95.6,293,128,19.6,102.1,32.7,35.1,24.5,354,11.2,447,705,396,2836,124,7174,1797,1.84,2.4,29.5,2.29,195,261,592,5.26,84,146.3,1094,1624,360,16.7,13.4,1.5,4184,3034,140.2,0.55,0.37,0.31,0.63,1.08,2.68,17.96,7.96,1.36,33.12,0.37,0.05,21.78,2.35,0.01,0.19,0.03,0.03,0.06,216.6,55.4,NA,21.970000000000002,2.4799999999999995,1.1,0.75,404,4.3
8,2017,Male,60-69,500,2451,93.8,274,116,17.4,104.9,35,36.1,23.9,368,9.8,427,582,246,1704,87,5775,1410,1.83,2.32,32.1,2.97,187,221,538,6.04,74.8,117.9,992,1523,323,15.6,12.5,1.3,4031,2911,134.4,0.62,0.41,0.33,0.67,1.22,2.93,19.1,8.47,1.42,34.01,0.43,0.06,21.17,2.21,0.01,0.2,0.05,0.03,0.1,227.3,46.3,NA,21.37,2.3999999999999995,0.7,1.49,382,4.9
9,2017,Male,70 and over,428,2159,79.5,251,111,17.9,91.2,30.3,31.1,21.5,313,9.6,519,765,466,2668,96,5157,1721,1.75,2.21,24.1,2.09,176,214,511,4.97,84.8,129.6,968,1419,319,15.4,11,1.3,3451,2981,115.4,0.61,0.41,0.33,0.65,1.18,2.69,16.16,7.21,1.18,29.36,0.34,0.04,18.94,2.11,0.01,0.17,0.04,0.04,0.1,191.4,50.4,NA,19.110000000000003,2.3,0.8,0.79,353,6.2
10,2017,Male,2-19,1174,2055,74.3,262,119,14.7,81.1,28.2,26.7,18.1,248,8.2,527,629,184,1096,80,4765,820,1.68,1.98,24.1,1.9,217,156,525,4.99,74.5,70.7,1060,1372,251,14.3,10.5,1,3215,2259,103.4,0.53,0.35,0.29,0.59,1.04,2.52,15.33,6.52,1.07,25.2,0.29,0.03,16.29,1.52,0.01,0.13,0.02,0.02,0.03,31.3,50.1,NA,16.419999999999998,1.6,1.1,1.23,270,5.2
11,2017,Male,20 and over,2307,2485,95.4,281,119,18.4,101.3,33,34.9,23.7,358,10.5,463,682,401,2380,102,5979,1606,1.85,2.46,31.6,2.67,199,235,573,5.92,80.4,126.9,1084,1600,343,16.2,13,1.3,4121,2937,135.5,0.58,0.38,0.31,0.63,1.06,2.77,18.06,8.01,1.45,32.77,0.39,0.04,21.02,2.18,0.01,0.19,0.03,0.03,0.07,185.8,41.8,13.7,21.21,2.3199999999999994,1.1,1.45,388,4.8
12,2017,Male,2 and over,3481,2378,90.1,277,119,17.5,96.2,31.8,32.8,22.3,331,9.9,479,669,347,2059,97,5676,1410,1.81,2.34,29.7,2.47,204,215,561,5.69,79,112.8,1078,1543,320,15.7,12.4,1.2,3895,2767,127.5,0.57,0.37,0.3,0.62,1.06,2.71,17.38,7.64,1.36,30.88,0.36,0.04,19.84,2.02,0.01,0.18,0.03,0.03,0.06,147.2,43.9,NA,20.02,2.1499999999999995,1.1,1.4,359,4.9
13,2017,Female,2-5,280,1424,49.3,193,95,11.8,52.9,18.5,17.5,11.3,171,5.4,423,535,277,1154,103,2958,641,1.2,1.5,14.8,1.37,150,119,372,3.56,86.4,49.9,906,1026,194,10,7.4,0.7,1994,1902,64.5,0.37,0.26,0.2,0.43,0.72,1.73,9.93,4.18,0.66,16.66,0.19,0.01,10.2,0.96,0,0.09,0.01,0.01,0.02,6.4,37.2,NA,10.29,1,0.5,0.7,205,5.1
14,2017,Female,6-11,412,1864,60.7,247,112,14.6,73.3,25.7,24,16.6,201,7.4,486,615,240,1365,105,4722,806,1.51,1.77,20.2,1.67,207,145,497,4.29,76.2,69,957,1203,228,13.4,9,0.9,2742,2051,86.1,0.5,0.33,0.26,0.54,0.94,2.2,13.97,5.91,0.81,22.81,0.26,0.02,14.99,1.43,0,0.11,0.01,0.02,0.02,13.7,57.9,NA,15.1,1.48,0.4,1.22,229,4.7
15,2017,Female,12-19,514,1768,62,222,97,13.5,71.9,23.8,23.5,17.8,216,7.7,373,497,238,1336,59,3664,984,1.35,1.53,20.6,1.64,174,154,445,3.47,59,84.8,813,1100,219,12.2,8.2,0.9,2873,1885,88.3,0.47,0.31,0.25,0.5,0.87,2.09,12.94,5.59,0.92,22.19,0.25,0.02,15.97,1.59,0.01,0.11,0.02,0.02,0.03,34.1,40.4,NA,16.080000000000002,1.6700000000000002,0.7,0.89,224,3.3
16,2017,Female,20-29,359,1985,73.8,230,99,15.7,82.2,27.5,27.5,19.3,281,9,393,604,324,2329,87,4787,1713,1.45,1.79,22.7,1.83,168,189,474,3.84,74.2,121.3,933,1268,268,12.6,9.8,1.1,3326,2309,102.8,0.5,0.33,0.3,0.58,1.09,2.45,14.86,6.43,1.13,25.85,0.28,0.02,17.14,1.77,0.01,0.15,0.02,0.02,0.05,112.9,40,NA,17.29,1.87,1.2,0.6,292,3.8
17,2017,Female,30-39,407,1885,69,222,96,15.7,78.1,24.9,26.9,18.6,265,8.8,372,619,363,2752,67,4246,2700,1.34,1.78,21.7,1.86,143,207,450,3.65,67.8,164,862,1205,276,12.4,9.3,1.1,3149,2310,93.6,0.44,0.29,0.24,0.5,0.89,2.09,13.65,5.94,1,25.42,0.31,0.03,16.53,1.77,0.01,0.14,0.02,0.02,0.04,125.5,40,NA,16.67,1.86,1.1,0.76,283,3.3
18,2017,Female,40-49,367,1921,69.2,226,106,15,79.3,26,26.4,19.3,267,8.4,396,642,420,2706,80,3753,1821,1.39,1.9,21.7,1.71,159,198,466,3.79,80.3,139.6,863,1166,270,12.6,9.2,1,2984,2288,96.4,0.48,0.33,0.29,0.56,1.05,2.26,13.92,6.07,1.03,24.85,0.28,0.02,17.17,1.83,0.01,0.14,0.02,0.02,0.04,196.5,44.8,NA,17.310000000000002,1.9200000000000002,0.9,0.88,280,3.8
19,2017,Female,50-59,419,1826,69.5,216,97,14.9,73.1,24.1,24.9,16.9,247,8.5,343,556,301,2361,85,4420,1642,1.39,1.82,21.1,1.7,134,183,411,4.18,67.5,115.9,854,1191,271,12.1,9.2,1.1,2843,2346,97.7,0.47,0.32,0.26,0.52,0.89,2.16,12.85,5.74,0.95,23.48,0.25,0.03,14.95,1.61,0.01,0.12,0.04,0.02,0.07,184.5,30.5,NA,15.069999999999999,1.7500000000000002,1.1,0.6,273,3.6
20,2017,Female,60-69,479,1789,70.3,203,90,15.5,75.2,23.4,25.9,18.7,267,8.6,340,586,376,2725,86,3505,1494,1.25,1.74,19.9,1.58,112,199,388,3.73,73.7,109.7,831,1218,277,11.6,9.3,1.2,2838,2364,93.3,0.43,0.27,0.23,0.48,0.82,1.98,12.62,5.6,0.95,24.37,0.29,0.05,16.49,1.81,0.01,0.14,0.04,0.02,0.08,185.3,39.9,NA,16.63,1.9600000000000002,0.9,0.37,292,3.6
21,2017,Female,70 and over,404,1662,63.3,201,88,16,67.7,22,23.3,15.9,225,8.4,422,706,552,3080,98,4334,1726,1.36,1.76,19.9,1.7,155,180,442,3.88,73.1,120.1,784,1130,265,12.8,8.8,1.1,2723,2329,88.4,0.42,0.28,0.23,0.47,0.79,1.89,11.88,5.17,0.87,21.99,0.25,0.02,14.04,1.56,0.01,0.11,0.03,0.02,0.06,137.9,36.6,NA,14.149999999999999,1.6800000000000002,1.2,0.68,263,4.2
22,2017,Female,2-19,1206,1726,58.8,224,102,13.5,68.3,23.3,22.4,16,201,7.1,422,545,247,1307,84,3868,850,1.37,1.61,19.2,1.59,180,143,447,3.77,70.7,72,882,1119,217,12.1,8.3,0.8,2639,1944,82.4,0.46,0.31,0.24,0.5,0.86,2.05,12.64,5.4,0.83,21.2,0.24,0.02,14.4,1.4,0,0.11,0.01,0.02,0.02,21.2,45.6,NA,14.51,1.45,0.6,0.96,222,4.1
23,2017,Female,20 and over,2435,1849,69.4,217,96,15.5,76.1,24.7,25.9,18.1,259,8.6,376,616,383,2640,84,4198,1859,1.37,1.8,21.2,1.74,145,193,439,3.85,72.5,128.6,857,1199,271,12.3,9.3,1.1,2987,2324,95.6,0.46,0.3,0.26,0.52,0.92,2.14,13.33,5.84,0.99,24.37,0.28,0.03,16.06,1.72,0.01,0.13,0.03,0.02,0.06,156.2,38.4,6.6,16.189999999999998,1.84,1.1,0.65,281,3.7
24,2017,Female,2 and over,3641,1821,67,219,97,15,74.3,24.4,25.1,17.6,246,8.3,387,600,352,2338,84,4123,1630,1.37,1.76,20.8,1.7,153,182,440,3.83,72.1,115.8,863,1181,259,12.3,9.1,1,2908,2238,92.6,0.46,0.3,0.25,0.51,0.91,2.12,13.18,5.74,0.95,23.66,0.27,0.03,15.69,1.65,0.01,0.13,0.02,0.02,0.05,125.7,40.1,NA,15.82,1.75,1,0.72,267,3.8
25,2017,Both,2-19,2380,1894,66.8,243,110,14.1,74.9,25.8,24.6,17.1,225,7.7,476,588,215,1199,82,4327,835,1.53,1.8,21.7,1.75,199,150,487,4.39,72.7,71.3,973,1249,234,13.2,9.4,0.9,2934,2105,93.1,0.49,0.33,0.27,0.55,0.95,2.29,14.02,5.97,0.95,23.25,0.26,0.02,15.36,1.46,0.01,0.12,0.01,0.02,0.02,26.4,47.9,NA,15.479999999999999,1.52,0.8,1.1,246,4.7
26,2017,Both,20 and over,4742,2155,81.9,248,107,16.9,88.2,28.7,30.2,20.8,307,9.5,418,648,392,2515,92,5053,1737,1.6,2.12,26.2,2.18,171,213,503,4.84,76.3,127.8,966,1391,306,14.2,11.1,1.2,3531,2618,114.8,0.52,0.34,0.28,0.57,0.99,2.44,15.6,6.88,1.21,28.4,0.33,0.04,18.44,1.95,0.01,0.16,0.03,0.03,0.06,170.4,40,10,18.6,2.08,1.1,1.03,332,4.2
27,2017,Both,2 and over,7122,2093,78.3,247,108,16.2,85,28,28.8,19.9,287,9.1,432,633,350,2202,90,4881,1523,1.58,2.04,25.1,2.08,178,198,499,4.74,75.4,114.4,968,1357,289,14,10.7,1.1,3389,2496,109.6,0.51,0.34,0.28,0.57,0.98,2.41,15.23,6.67,1.15,27.18,0.32,0.03,17.71,1.83,0.01,0.15,0.03,0.02,0.05,136.2,41.9,NA,17.86,1.9400000000000002,1,1.05,312,4.3
1,2019,Male,2-5,468,1667,56.9,222,109,12.5,63.7,22.3,20.7,14,195,6.4,466,574,170,1162,86,4317,632,1.31,1.65,16.9,1.47,156,125,389,3.96,84.5,50.2,1026,1186,220,11,7.8,0.8,2331,2085,75.1,0.46,0.32,0.26,0.52,0.81,2.13,12.11,4.89,0.82,19.63,0.24,0.02,12.59,1.18,0.01,0.09,0.01,0.02,0.02,10.2,38.9,NA,12.68,1.24,0.7,0.68,227,5.8
2,2019,Male,6-11,701,1989,66.7,258,117,14.7,79.2,27.9,26,17.4,238,8.4,514,612,171,1041,87,3983,952,1.6,1.86,21.1,1.65,207,150,501,4.46,73.5,73.9,1041,1289,238,14.2,9.6,0.9,2993,2086,92,0.5,0.35,0.28,0.57,1.05,2.43,15.31,6.42,1.02,24.65,0.28,0.02,15.72,1.44,0.01,0.12,0.02,0.02,0.02,18.5,62.1,NA,15.84,1.51,1.4,1.04,252,5.4
3,2019,Male,12-19,899,2299,86.6,282,125,15.4,93.5,32.2,30.9,20.8,286,8.7,498,598,154,1087,67,6062,867,1.82,2.09,27.7,2.09,225,173,555,5.55,67.1,83,1105,1505,276,15.8,11.8,1.1,3821,2404,122.8,0.57,0.38,0.32,0.64,1.14,2.85,17.59,7.56,1.29,29.14,0.33,0.03,18.71,1.74,0.01,0.14,0.02,0.03,0.03,47,52,NA,18.85,1.83,0.6,1.15,305,5.2
4,2019,Male,20-29,551,2420,92.4,277,110,16.3,95.1,31,32.2,22.1,358,9.3,416,570,364,1629,63,4809,1129,1.8,2.15,31.6,2.59,217,214,582,5.46,71.3,96.9,1054,1525,312,15.5,12.2,1.2,4087,2571,132.1,0.5,0.32,0.25,0.55,0.84,2.57,17.29,7.53,1.47,30.11,0.38,0.04,19.79,1.87,0.01,0.18,0.03,0.03,0.05,107.9,27.5,NA,19.97,1.9900000000000002,0.7,1.29,369,4.6
5,2019,Male,30-39,535,2688,101.2,304,130,19.3,106.5,34.7,36.9,24,388,10.6,435,658,379,2440,98,5970,1380,1.89,2.82,36.2,3.14,181,246,552,6.88,82.3,119.8,1124,1658,356,16.2,13.6,1.4,4375,2988,140.8,0.55,0.36,0.31,0.62,1.06,2.89,19.25,8.46,1.59,34.58,0.4,0.03,21.31,2.24,0.01,0.19,0.03,0.03,0.06,206.5,34.9,NA,21.5,2.3699999999999997,1.1,2.41,414,4.4
6,2019,Male,40-49,613,2579,100.7,287,127,18.2,105.9,34,37.2,24,380,11.2,452,683,475,2481,121,5630,1743,1.87,2.53,33.2,2.67,185,247,560,6.04,84.8,140.1,1080,1661,352,16.1,13.2,1.3,4118,3000,136,0.57,0.38,0.32,0.65,1.11,2.82,18.67,8.16,1.63,34.89,0.45,0.05,21.32,2.14,0.01,0.18,0.04,0.04,0.07,211.6,43.2,NA,21.5,2.3,1.5,1.5,406,4.8
7,2019,Male,50-59,608,2545,94.9,284,125,19.1,103,32.7,35.6,24.6,361,11.2,449,676,353,2498,101,6260,1568,1.85,2.41,29.7,2.33,178,257,559,5.36,88.2,139.5,1072,1608,357,16.3,13,1.4,4034,3021,135,0.52,0.37,0.31,0.62,1.16,2.67,17.93,7.83,1.4,33.53,0.4,0.04,21.76,2.33,0.01,0.18,0.05,0.04,0.08,209.6,53.3,NA,21.94,2.51,1.2,0.85,408,4.8
8,2019,Male,60-69,776,2448,93.3,272,115,17.7,103.7,34.8,35,23.9,352,9.9,454,634,290,1978,80,5196,1457,1.89,2.35,30.9,2.8,196,222,554,5.99,78.4,124,1045,1550,335,16,12.3,1.3,3973,2908,133.1,0.63,0.43,0.34,0.7,1.22,3,18.88,8.31,1.38,32.95,0.41,0.05,21.09,2.26,0.01,0.17,0.05,0.03,0.08,220.3,48,NA,21.26,2.4299999999999993,0.9,1.43,379,5.3
9,2019,Male,70 and over,662,2145,79.9,246,107,18.2,90.7,29.4,31,21.8,320,9.9,526,776,532,2687,92,4729,1761,1.69,2.16,24.4,2.09,163,220,495,5.24,86.2,132.1,933,1401,321,15.3,10.9,1.3,3364,2958,111.4,0.55,0.37,0.32,0.61,1.24,2.54,15.73,6.97,1.13,29.28,0.36,0.04,19.15,2.13,0.01,0.15,0.06,0.04,0.11,195.3,45.3,NA,19.299999999999997,2.3499999999999996,1,0.68,363,6.2
10,2019,Male,2-19,2068,2061,73.6,261,119,14.6,82.4,28.7,27.1,18.2,251,8.1,497,598,163,1088,78,4995,846,1.64,1.92,23.2,1.81,205,155,502,4.85,72.9,73,1067,1365,251,14.3,10.2,1,3228,2230,102.4,0.52,0.36,0.29,0.59,1.04,2.56,15.67,6.61,1.1,25.62,0.29,0.03,16.41,1.52,0.01,0.12,0.02,0.02,0.03,29.6,52.6,NA,16.53,1.6,0.9,1.01,271,5.4
11,2019,Male,20 and over,3745,2483,94.2,280,119,18.1,101,32.8,34.7,23.4,361,10.4,452,661,395,2264,92,5457,1489,1.84,2.41,31.3,2.62,188,235,553,5.84,81.6,124.6,1056,1573,339,15.9,12.6,1.3,4019,2900,132.2,0.55,0.37,0.31,0.62,1.09,2.75,18.01,7.89,1.45,32.62,0.4,0.04,20.78,2.16,0.01,0.18,0.04,0.04,0.07,189.4,41.6,14.9,20.96,2.32,1.1,1.38,391,4.9
12,2019,Male,2 and over,5813,2379,89.2,275,119,17.2,96.4,31.8,32.9,22.1,334,9.8,463,645,338,1975,89,5344,1331,1.79,2.29,29.3,2.42,192,215,540,5.59,79.5,111.9,1059,1522,318,15.5,12,1.2,3824,2735,124.8,0.54,0.37,0.3,0.62,1.08,2.7,17.43,7.58,1.36,30.9,0.37,0.04,19.7,2,0.01,0.16,0.04,0.03,0.06,150.1,44.3,NA,19.86,2.1399999999999997,1,1.29,361,5
13,2019,Female,2-5,472,1417,50,189,92,12,53.2,18.3,17.5,11.6,181,5.5,391,520,352,1319,105,3024,684,1.14,1.46,14.7,1.33,133,120,346,3.33,87.1,49.9,879,1016,195,9.7,7,0.7,2013,1886,64.3,0.37,0.26,0.2,0.42,0.65,1.71,9.89,4.14,0.67,16.65,0.19,0.01,10.47,0.99,0,0.08,0.01,0.01,0.02,5.2,34,NA,10.55,1.03,0.5,0.55,211,5
14,2019,Female,6-11,710,1902,63,248,112,14.7,75.6,26.4,24.4,17.2,211,7.5,460,583,241,1312,97,4367,801,1.5,1.77,20.1,1.61,193,146,473,4.16,73.5,71.4,978,1231,232,13.3,8.9,0.9,2850,2068,89.8,0.52,0.35,0.28,0.57,0.98,2.32,14.4,6.02,0.87,23.17,0.27,0.02,15.49,1.49,0.01,0.11,0.02,0.02,0.02,13.8,55,NA,15.6,1.56,0.4,0.97,236,4.8
15,2019,Female,12-19,841,1812,62.3,227,99,13.6,74.7,25,24,18.5,215,8.2,374,484,208,1178,55,3658,902,1.35,1.54,20.3,1.59,167,158,437,3.47,59.2,81.5,822,1129,222,12.2,8.1,0.9,2915,1875,90.6,0.5,0.33,0.26,0.53,0.91,2.23,13.55,5.79,0.93,22.68,0.26,0.02,16.64,1.57,0.01,0.11,0.03,0.02,0.04,34.9,45.8,NA,16.75,1.6700000000000002,0.5,0.8,224,3.4
16,2019,Female,20-29,605,1963,73.5,225,95,15.3,82.7,27.7,27.4,19.3,289,8.9,380,594,406,2319,83,4850,1630,1.42,1.71,22.3,1.79,147,185,435,3.75,74,118.1,886,1235,263,12,9.5,1.1,3259,2287,101.8,0.5,0.34,0.29,0.58,1.02,2.46,15.08,6.46,1.15,25.77,0.29,0.02,17.2,1.76,0.01,0.14,0.02,0.02,0.04,116.7,37.8,NA,17.34,1.85,1.1,0.57,293,3.6
17,2019,Female,30-39,667,1916,70.7,224,97,15.7,79.4,25.2,27.3,19,271,9,360,590,329,2547,83,4280,2440,1.36,1.81,22.4,1.87,137,207,439,3.67,72.4,158.6,870,1219,281,12.3,9.3,1.1,3170,2340,94.8,0.43,0.29,0.25,0.51,0.98,2.13,13.8,5.91,1.04,25.76,0.31,0.03,16.88,1.77,0.01,0.13,0.02,0.02,0.04,131.7,36.9,NA,17.009999999999998,1.86,1.1,0.76,290,3.6
18,2019,Female,40-49,621,1805,66.5,211,97,14.5,74.4,24,24.9,18,275,8.2,356,577,431,2401,76,3865,1621,1.29,1.76,20.1,1.61,136,192,422,3.56,71,130.9,834,1136,265,11.8,8.8,1,2824,2208,91.9,0.42,0.29,0.26,0.5,0.99,2.08,12.92,5.65,0.97,23.45,0.27,0.02,15.97,1.68,0.01,0.12,0.03,0.02,0.05,171.5,42.1,NA,16.09,1.79,1,0.68,285,3.9
19,2019,Female,50-59,706,1859,70.5,214,94,15.5,76.2,24.6,26.3,17.6,274,8.6,352,578,279,2537,85,4180,1629,1.39,1.85,21.2,1.76,127,195,410,4.09,75.1,124.8,853,1201,280,12.2,9.5,1.1,2900,2402,98.1,0.45,0.31,0.26,0.52,0.92,2.17,13.27,5.85,1.01,24.79,0.27,0.03,15.5,1.71,0.01,0.12,0.03,0.02,0.05,175.1,29.1,NA,15.62,1.82,0.9,0.62,295,3.8
20,2019,Female,60-69,744,1745,67.8,196,86,15.5,74.1,23.5,25.1,18.3,270,8.3,346,591,352,2727,83,4112,1613,1.22,1.71,19,1.54,105,202,381,3.47,75.4,123.5,825,1179,273,11.2,8.8,1.1,2791,2367,89.8,0.43,0.29,0.24,0.5,0.88,2.03,12.64,5.53,0.95,23.63,0.29,0.03,16.13,1.78,0.01,0.13,0.04,0.02,0.06,172.4,37.8,NA,16.259999999999998,1.9100000000000001,0.7,0.34,293,3.7
21,2019,Female,70 and over,619,1648,62.7,192,83,14.8,69.6,22.9,23.6,16.2,243,8,409,675,494,2897,95,3966,1597,1.3,1.68,19.3,1.62,136,175,405,3.79,71.3,114.5,771,1097,256,12.2,8.5,1,2666,2261,87,0.43,0.3,0.24,0.49,0.84,2.01,12.3,5.4,0.9,22.25,0.26,0.03,14.3,1.58,0.01,0.11,0.03,0.02,0.06,132.1,37.9,NA,14.41,1.7000000000000002,0.9,0.58,267,4.1
22,2019,Female,2-19,2023,1757,59.9,226,102,13.6,70.3,24,22.7,16.6,207,7.4,406,524,250,1252,79,3754,822,1.35,1.6,19,1.54,168,146,429,3.67,69.9,71.4,886,1138,220,12,8.2,0.9,2700,1940,84.7,0.48,0.32,0.25,0.52,0.88,2.15,13.04,5.51,0.86,21.54,0.25,0.02,14.94,1.42,0.01,0.1,0.02,0.02,0.03,21.6,46.2,NA,15.04,1.5,0.5,0.8,225,4.2
23,2019,Female,20 and over,3962,1829,68.8,211,92,15.2,76.3,24.7,25.9,18.1,271,8.5,367,600,379,2564,84,4225,1762,1.34,1.76,20.8,1.71,132,193,416,3.73,73.3,128.6,842,1180,270,12,9.1,1.1,2946,2313,94.2,0.45,0.3,0.26,0.52,0.94,2.15,13.39,5.82,1.01,24.35,0.28,0.03,16.03,1.72,0.01,0.12,0.03,0.02,0.05,149.4,36.7,6.6,16.150000000000002,1.83,1,0.6,288,3.8
24,2019,Female,2 and over,5985,1812,66.8,214,95,14.9,75,24.6,25.2,17.8,256,8.3,376,583,350,2267,83,4118,1549,1.34,1.72,20.4,1.67,140,182,419,3.72,72.5,115.7,852,1171,259,12,8.9,1,2891,2229,92.1,0.45,0.31,0.26,0.52,0.93,2.15,13.31,5.75,0.97,23.72,0.27,0.03,15.78,1.65,0.01,0.12,0.03,0.02,0.05,120.4,38.9,NA,15.899999999999999,1.76,0.9,0.64,273,3.9
25,2019,Both,2-19,4091,1911,66.9,244,111,14.1,76.5,26.4,25,17.4,229,7.8,452,562,206,1169,79,4385,834,1.5,1.76,21.2,1.68,187,151,466,4.27,71.4,72.2,978,1254,236,13.2,9.2,0.9,2968,2088,93.7,0.5,0.34,0.27,0.56,0.96,2.36,14.38,6.07,0.98,23.62,0.27,0.02,15.69,1.47,0.01,0.11,0.02,0.02,0.03,25.7,49.5,NA,15.799999999999999,1.55,0.7,0.91,248,4.8
26,2019,Both,20 and over,7707,2144,81,244,105,16.6,88.2,28.6,30.1,20.7,314,9.4,408,629,386,2420,88,4818,1630,1.58,2.07,25.8,2.14,159,213,482,4.75,77.3,126.7,945,1369,303,13.9,10.8,1.2,3463,2595,112.5,0.5,0.33,0.28,0.57,1.01,2.44,15.61,6.82,1.22,28.33,0.34,0.03,18.31,1.93,0.01,0.15,0.04,0.03,0.06,168.7,39.1,10.6,18.459999999999997,2.07,1,0.97,337,4.3
27,2019,Both,2 and over,11798,2089,77.7,244,107,16,85.4,28.1,28.9,19.9,294,9,418,613,344,2124,86,4716,1443,1.56,2,24.7,2.03,165,198,478,4.63,75.9,113.8,953,1342,287,13.7,10.4,1.1,3346,2475,108,0.5,0.34,0.28,0.57,1,2.42,15.32,6.64,1.16,27.22,0.32,0.03,17.69,1.82,0.01,0.14,0.03,0.03,0.05,134.9,41.5,NA,17.830000000000002,1.9400000000000002,0.9,0.96,316,4.4
